year,origin,dest,sitc4,export_val,import_val
1962,col,mar,711,5000.0,0.0
1962,col,zaf,711,119000.0,0.0
1962,col,chn,711,12000.0,0.0
1962,col,isr,711,70000.0,0.0
1962,col,jpn,711,2485000.0,0.0
1962,col,syr,711,31000.0,0.0
1962,col,aut,711,21000.0,0.0
1962,col,bel,711,4611000.0,0.0
1962,col,csk,711,1059000.0,0.0
1962,col,ddr,711,1315000.0,0.0
1962,col,deu,711,45365000.0,0.0
1962,col,dnk,711,2081000.0,0.0
1962,col,esp,711,6317000.0,0.0
1962,col,fdr,711,44050000.0,0.0
1962,col,fin,711,5559000.0,0.0
1962,col,fra,711,1419000.0,0.0
1962,col,gbr,711,2383000.0,0.0
1962,col,grc,711,4000.0,0.0
1962,col,hun,711,601000.0,0.0
1962,col,irl,711,15000.0,0.0
1962,col,ita,711,2003000.0,0.0
1962,col,nld,711,8907000.0,0.0
1962,col,nor,711,1572000.0,0.0
1962,col,swe,711,11976000.0,0.0
1962,col,yug,711,2009000.0,0.0
1962,col,can,711,12788000.0,0.0
1962,col,naa,711,7000.0,0.0
1962,col,usa,711,226334000.0,0.0
1962,col,aus,711,222000.0,0.0
1962,col,nzl,711,59000.0,0.0
1962,col,arg,711,716000.0,0.0
1962,col,bra,711,0.0,1000.0
1962,col,chl,711,30000.0,0.0
1962,col,per,711,9000.0,0.0
1962,col,wld,711,338789000.0,1000.0
1963,col,zaf,711,63000.0,0.0
1963,col,isr,711,31000.0,0.0
1963,col,jpn,711,3438000.0,0.0
1963,col,aut,711,1454000.0,0.0
1963,col,bel,711,5434000.0,0.0
1963,col,che,711,3122000.0,0.0
1963,col,csk,711,1844000.0,0.0
1963,col,ddr,711,1789000.0,0.0
1963,col,deu,711,47814000.0,0.0
1963,col,dnk,711,2053000.0,0.0
1963,col,esp,711,11823000.0,0.0
1963,col,fdr,711,46025000.0,0.0
1963,col,fin,711,6156000.0,0.0
1963,col,fra,711,1617000.0,0.0
1963,col,gbr,711,3136000.0,0.0
1963,col,hun,711,571000.0,0.0
1963,col,irl,711,23000.0,0.0
1963,col,ita,711,2649000.0,0.0
1963,col,nld,711,7306000.0,0.0
1963,col,nor,711,1439000.0,0.0
1963,col,pol,711,1430000.0,0.0
1963,col,rou,711,166000.0,0.0
1963,col,swe,711,11417000.0,0.0
1963,col,yug,711,2750000.0,0.0
1963,col,can,711,11152000.0,0.0
1963,col,naa,711,106000.0,0.0
1963,col,tto,711,4000.0,0.0
1963,col,usa,711,197416000.0,0.0
1963,col,aus,711,241000.0,0.0
1963,col,nzl,711,26000.0,0.0
1963,col,arg,711,273000.0,0.0
1963,col,chl,711,422000.0,0.0
1963,col,per,711,6000.0,0.0
1963,col,wld,711,325382000.0,0.0
1964,col,zaf,711,112000.0,0.0
1964,col,isr,711,30000.0,0.0
1964,col,jpn,711,2717000.0,0.0
1964,col,kwt,711,7000.0,0.0
1964,col,aut,711,1612000.0,0.0
1964,col,bel,711,9730000.0,0.0
1964,col,che,711,3138000.0,0.0
1964,col,csk,711,321000.0,0.0
1964,col,ddr,711,4956000.0,0.0
1964,col,deu,711,59527000.0,0.0
1964,col,dnk,711,2418000.0,0.0
1964,col,esp,711,17352000.0,0.0
1964,col,fdr,711,54571000.0,0.0
1964,col,fin,711,8991000.0,0.0
1964,col,fra,711,3371000.0,0.0
1964,col,gbr,711,5764000.0,0.0
1964,col,hun,711,510000.0,0.0
1964,col,irl,711,28000.0,0.0
1964,col,ita,711,3753000.0,0.0
1964,col,nld,711,14082000.0,0.0
1964,col,nor,711,3030000.0,0.0
1964,col,pol,711,2105000.0,0.0
1964,col,swe,711,17682000.0,0.0
1964,col,yug,711,2051000.0,0.0
1964,col,can,711,12784000.0,0.0
1964,col,naa,711,185000.0,0.0
1964,col,usa,711,223524000.0,0.0
1964,col,aus,711,276000.0,0.0
1964,col,nzl,711,56000.0,0.0
1964,col,arg,711,2009000.0,0.0
1964,col,chl,711,252000.0,0.0
1964,col,per,711,1000.0,0.0
1964,col,wld,711,397418000.0,0.0
1965,col,lby,711,5000.0,0.0
1965,col,zaf,711,84000.0,0.0
1965,col,isr,711,104000.0,0.0
1965,col,jpn,711,2125000.0,0.0
1965,col,syr,711,11000.0,0.0
1965,col,aut,711,1785000.0,0.0
1965,col,bel,711,11548000.0,0.0
1965,col,che,711,2716000.0,0.0
1965,col,csk,711,1539000.0,0.0
1965,col,ddr,711,4812000.0,0.0
1965,col,deu,711,67916000.0,0.0
1965,col,dnk,711,3098000.0,0.0
1965,col,esp,711,23264000.0,0.0
1965,col,fdr,711,63104000.0,0.0
1965,col,fin,711,9431000.0,0.0
1965,col,fra,711,2622000.0,0.0
1965,col,gbr,711,2475000.0,0.0
1965,col,hun,711,885000.0,0.0
1965,col,irl,711,21000.0,0.0
1965,col,ita,711,4080000.0,0.0
1965,col,nld,711,12722000.0,0.0
1965,col,nor,711,2049000.0,0.0
1965,col,pol,711,3049000.0,0.0
1965,col,sun,711,714000.0,0.0
1965,col,swe,711,20128000.0,0.0
1965,col,yug,711,1093000.0,0.0
1965,col,can,711,12378000.0,0.0
1965,col,naa,711,4541000.0,0.0
1965,col,usa,711,199593000.0,0.0
1965,col,aus,711,68000.0,0.0
1965,col,nzl,711,67000.0,0.0
1965,col,arg,711,2001000.0,0.0
1965,col,chl,711,182000.0,0.0
1965,col,per,711,115000.0,0.0
1965,col,wld,711,392409000.0,0.0
1966,col,mar,711,14000.0,0.0
1966,col,zaf,711,75000.0,0.0
1966,col,isr,711,212000.0,0.0
1966,col,jpn,711,5390000.0,0.0
1966,col,twn,711,7000.0,0.0
1966,col,aut,711,1638000.0,0.0
1966,col,bel,711,7988000.0,0.0
1966,col,bgr,711,213000.0,0.0
1966,col,che,711,2079000.0,0.0
1966,col,csk,711,1172000.0,0.0
1966,col,ddr,711,7194000.0,0.0
1966,col,deu,711,57376000.0,0.0
1966,col,dnk,711,3431000.0,0.0
1966,col,esp,711,17997000.0,0.0
1966,col,fdr,711,50182000.0,0.0
1966,col,fin,711,11849000.0,0.0
1966,col,fra,711,2403000.0,0.0
1966,col,gbr,711,3231000.0,0.0
1966,col,grc,711,4000.0,0.0
1966,col,hun,711,1979000.0,0.0
1966,col,irl,711,13000.0,0.0
1966,col,ita,711,2973000.0,0.0
1966,col,nld,711,11670000.0,0.0
1966,col,nor,711,2934000.0,0.0
1966,col,pol,711,4973000.0,0.0
1966,col,sun,711,1934000.0,0.0
1966,col,swe,711,18149000.0,0.0
1966,col,yug,711,1610000.0,0.0
1966,col,can,711,8292000.0,0.0
1966,col,naa,711,3142000.0,0.0
1966,col,usa,711,163817000.0,0.0
1966,col,aus,711,20000.0,0.0
1966,col,nzl,711,65000.0,0.0
1966,col,arg,711,5223000.0,0.0
1966,col,chl,711,238000.0,0.0
1966,col,per,711,118000.0,0.0
1966,col,wld,711,342229000.0,0.0
1967,col,civ,711,2000.0,0.0
1967,col,mar,711,8000.0,0.0
1967,col,zaf,711,90000.0,0.0
1967,col,isr,711,272000.0,0.0
1967,col,jpn,711,4421000.0,0.0
1967,col,sgp,711,2000.0,0.0
1967,col,aut,711,1881000.0,0.0
1967,col,bel,711,10184000.0,0.0
1967,col,che,711,1743000.0,0.0
1967,col,csk,711,1354000.0,0.0
1967,col,ddr,711,7321000.0,0.0
1967,col,deu,711,57874000.0,0.0
1967,col,dnk,711,3131000.0,0.0
1967,col,esp,711,19597000.0,0.0
1967,col,fdr,711,50553000.0,0.0
1967,col,fin,711,12902000.0,0.0
1967,col,fra,711,2890000.0,0.0
1967,col,gbr,711,2012000.0,0.0
1967,col,grc,711,24000.0,0.0
1967,col,hun,711,945000.0,0.0
1967,col,irl,711,9000.0,0.0
1967,col,ita,711,2963000.0,0.0
1967,col,nld,711,13169000.0,0.0
1967,col,nor,711,3036000.0,0.0
1967,col,pol,711,4409000.0,0.0
1967,col,rou,711,1107000.0,0.0
1967,col,sun,711,791000.0,0.0
1967,col,swe,711,16463000.0,0.0
1967,col,yug,711,1835000.0,0.0
1967,col,can,711,9180000.0,0.0
1967,col,naa,711,1248000.0,0.0
1967,col,usa,711,163236000.0,0.0
1967,col,aus,711,92000.0,0.0
1967,col,nzl,711,54000.0,0.0
1967,col,arg,711,3400000.0,0.0
1967,col,chl,711,154000.0,0.0
1967,col,per,711,3000.0,0.0
1967,col,wld,711,340481000.0,0.0
1968,col,bfa,711,1000.0,0.0
1968,col,civ,711,3000.0,0.0
1968,col,zaf,711,73000.0,0.0
1968,col,hkg,711,4000.0,0.0
1968,col,isr,711,307000.0,0.0
1968,col,jpn,711,4753000.0,0.0
1968,col,sgp,711,4000.0,0.0
1968,col,tha,711,67000.0,0.0
1968,col,aut,711,2249000.0,0.0
1968,col,bel,711,10497000.0,0.0
1968,col,bgr,711,392000.0,0.0
1968,col,che,711,2411000.0,0.0
1968,col,csk,711,1921000.0,0.0
1968,col,ddr,711,7275000.0,0.0
1968,col,deu,711,65455000.0,0.0
1968,col,dnk,711,3820000.0,0.0
1968,col,esp,711,17394000.0,0.0
1968,col,fdr,711,58180000.0,0.0
1968,col,fin,711,13283000.0,0.0
1968,col,fra,711,3566000.0,0.0
1968,col,gbr,711,1878000.0,0.0
1968,col,grc,711,22000.0,0.0
1968,col,hun,711,461000.0,0.0
1968,col,irl,711,3000.0,0.0
1968,col,ita,711,3288000.0,0.0
1968,col,nld,711,17662000.0,0.0
1968,col,nor,711,2768000.0,0.0
1968,col,pol,711,2692000.0,0.0
1968,col,rou,711,2120000.0,0.0
1968,col,sun,711,3658000.0,0.0
1968,col,swe,711,18344000.0,0.0
1968,col,yug,711,4932000.0,0.0
1968,col,can,711,7327000.0,0.0
1968,col,naa,711,778000.0,0.0
1968,col,usa,711,162329000.0,0.0
1968,col,aus,711,52000.0,0.0
1968,col,nzl,711,66000.0,0.0
1968,col,arg,711,3118000.0,0.0
1968,col,chl,711,111000.0,0.0
1968,col,wld,711,357809000.0,0.0
1969,col,civ,711,1000.0,0.0
1969,col,sen,711,2000.0,0.0
1969,col,zaf,711,153000.0,0.0
1969,col,hkg,711,7000.0,0.0
1969,col,isr,711,316000.0,0.0
1969,col,jpn,711,5953000.0,0.0
1969,col,sgp,711,52000.0,0.0
1969,col,twn,711,1000.0,0.0
1969,col,aut,711,2707000.0,0.0
1969,col,bel,711,10060000.0,0.0
1969,col,bgr,711,235000.0,0.0
1969,col,che,711,3155000.0,0.0
1969,col,csk,711,1823000.0,0.0
1969,col,ddr,711,7600000.0,0.0
1969,col,deu,711,76961000.0,0.0
1969,col,dnk,711,3908000.0,0.0
1969,col,esp,711,22522000.0,0.0
1969,col,fdr,711,69361000.0,0.0
1969,col,fin,711,14795000.0,0.0
1969,col,fra,711,4021000.0,0.0
1969,col,gbr,711,2509000.0,0.0
1969,col,grc,711,16000.0,0.0
1969,col,hun,711,956000.0,0.0
1969,col,irl,711,5000.0,0.0
1969,col,isl,711,6000.0,0.0
1969,col,ita,711,3421000.0,0.0
1969,col,nld,711,21367000.0,0.0
1969,col,nor,711,2941000.0,0.0
1969,col,pol,711,6834000.0,0.0
1969,col,sun,711,4339000.0,0.0
1969,col,swe,711,18033000.0,0.0
1969,col,yug,711,4070000.0,0.0
1969,col,brb,711,1000.0,0.0
1969,col,can,711,6618000.0,0.0
1969,col,jam,711,62000.0,0.0
1969,col,mex,711,0.0,3000.0
1969,col,naa,711,116000.0,0.0
1969,col,usa,711,130361000.0,0.0
1969,col,aus,711,63000.0,0.0
1969,col,nzl,711,44000.0,0.0
1969,col,arg,711,5852000.0,0.0
1969,col,chl,711,151000.0,0.0
1969,col,wld,711,354437000.0,3000.0
1970,col,bfa,711,1000.0,0.0
1970,col,civ,711,3000.0,0.0
1970,col,mar,711,16000.0,0.0
1970,col,zaf,711,93000.0,0.0
1970,col,cyp,711,3000.0,0.0
1970,col,idn,711,1000.0,0.0
1970,col,isr,711,337000.0,0.0
1970,col,jpn,711,9381000.0,0.0
1970,col,kor,711,173000.0,0.0
1970,col,lbn,711,9000.0,0.0
1970,col,sgp,711,10000.0,0.0
1970,col,aut,711,3145000.0,0.0
1970,col,bel,711,8271000.0,0.0
1970,col,che,711,3473000.0,0.0
1970,col,csk,711,1847000.0,0.0
1970,col,ddr,711,7721000.0,0.0
1970,col,deu,711,100201000.0,0.0
1970,col,dnk,711,6050000.0,0.0
1970,col,esp,711,28505000.0,0.0
1970,col,fdr,711,92480000.0,0.0
1970,col,fin,711,32199000.0,0.0
1970,col,fra,711,3758000.0,0.0
1970,col,gbr,711,4252000.0,0.0
1970,col,grc,711,468000.0,0.0
1970,col,hun,711,1075000.0,0.0
1970,col,irl,711,24000.0,0.0
1970,col,ita,711,3276000.0,0.0
1970,col,nld,711,23953000.0,0.0
1970,col,nor,711,3312000.0,0.0
1970,col,pol,711,1335000.0,0.0
1970,col,rou,711,2428000.0,0.0
1970,col,sun,711,14531000.0,0.0
1970,col,swe,711,22013000.0,0.0
1970,col,yug,711,8843000.0,0.0
1970,col,can,711,6861000.0,0.0
1970,col,naa,711,441000.0,0.0
1970,col,usa,711,176855000.0,0.0
1970,col,aus,711,30000.0,0.0
1970,col,nzl,711,25000.0,0.0
1970,col,arg,711,8460000.0,0.0
1970,col,chl,711,138000.0,0.0
1970,col,ury,711,10000.0,0.0
1970,col,wld,711,475806000.0,0.0
1971,col,bfa,711,1000.0,0.0
1971,col,mar,711,10000.0,0.0
1971,col,ner,711,3000.0,0.0
1971,col,zaf,711,112000.0,0.0
1971,col,hkg,711,11000.0,0.0
1971,col,idn,711,2000.0,0.0
1971,col,isr,711,342000.0,0.0
1971,col,jpn,711,5513000.0,0.0
1971,col,kor,711,173000.0,0.0
1971,col,lbn,711,28000.0,0.0
1971,col,sgp,711,19000.0,0.0
1971,col,aut,711,3500000.0,0.0
1971,col,bel,711,11140000.0,0.0
1971,col,bgr,711,81000.0,0.0
1971,col,che,711,3793000.0,0.0
1971,col,csk,711,890000.0,0.0
1971,col,ddr,711,6047000.0,0.0
1971,col,deu,711,99555000.0,0.0
1971,col,dnk,711,6380000.0,0.0
1971,col,esp,711,23840000.0,0.0
1971,col,fdr,711,93508000.0,0.0
1971,col,fin,711,5081000.0,0.0
1971,col,fra,711,6776000.0,0.0
1971,col,gbr,711,2657000.0,0.0
1971,col,grc,711,491000.0,0.0
1971,col,hun,711,755000.0,0.0
1971,col,irl,711,6000.0,0.0
1971,col,isl,711,2000.0,0.0
1971,col,ita,711,3786000.0,0.0
1971,col,nld,711,30209000.0,0.0
1971,col,nor,711,3926000.0,0.0
1971,col,pol,711,3661000.0,0.0
1971,col,sun,711,5914000.0,0.0
1971,col,swe,711,21652000.0,0.0
1971,col,yug,711,3626000.0,0.0
1971,col,can,711,8816000.0,0.0
1971,col,naa,711,129000.0,0.0
1971,col,pan,711,1000.0,0.0
1971,col,usa,711,162298000.0,0.0
1971,col,aus,711,94000.0,0.0
1971,col,nzl,711,36000.0,0.0
1971,col,arg,711,3676000.0,0.0
1971,col,chl,711,147000.0,0.0
1971,col,ury,711,106000.0,0.0
1971,col,wld,711,419238000.0,0.0
1972,col,bfa,711,1000.0,0.0
1972,col,mar,711,31000.0,0.0
1972,col,nga,711,3000.0,0.0
1972,col,sen,711,1000.0,0.0
1972,col,zaf,711,52000.0,0.0
1972,col,isr,711,437000.0,0.0
1972,col,jpn,711,6131000.0,0.0
1972,col,kor,711,686000.0,0.0
1972,col,sgp,711,17000.0,0.0
1972,col,twn,711,4000.0,0.0
1972,col,aut,711,3942000.0,0.0
1972,col,bel,711,9949000.0,0.0
1972,col,che,711,2806000.0,0.0
1972,col,csk,711,1586000.0,0.0
1972,col,ddr,711,3076000.0,0.0
1972,col,deu,711,99113000.0,0.0
1972,col,dnk,711,6965000.0,0.0
1972,col,esp,711,27971000.0,0.0
1972,col,fdr,711,96037000.0,0.0
1972,col,fin,711,16512000.0,0.0
1972,col,fra,711,8317000.0,0.0
1972,col,gbr,711,3022000.0,0.0
1972,col,grc,711,130000.0,0.0
1972,col,hun,711,249000.0,0.0
1972,col,irl,711,8000.0,0.0
1972,col,isl,711,2000.0,0.0
1972,col,ita,711,3850000.0,0.0
1972,col,nld,711,22900000.0,0.0
1972,col,nor,711,3928000.0,0.0
1972,col,pol,711,4782000.0,0.0
1972,col,swe,711,24128000.0,0.0
1972,col,yug,711,6703000.0,0.0
1972,col,can,711,8121000.0,0.0
1972,col,naa,711,46000.0,0.0
1972,col,usa,711,168248000.0,0.0
1972,col,aus,711,88000.0,0.0
1972,col,nzl,711,32000.0,0.0
1972,col,arg,711,9575000.0,0.0
1972,col,chl,711,170000.0,0.0
1972,col,ury,711,62000.0,0.0
1972,col,wld,711,440568000.0,0.0
1973,col,bfa,711,2000.0,0.0
1973,col,mar,711,17000.0,0.0
1973,col,ner,711,4000.0,0.0
1973,col,nga,711,1000.0,0.0
1973,col,zaf,711,427000.0,0.0
1973,col,isr,711,472000.0,0.0
1973,col,jpn,711,12080000.0,0.0
1973,col,kor,711,430000.0,0.0
1973,col,lbn,711,18000.0,0.0
1973,col,sgp,711,21000.0,0.0
1973,col,twn,711,56000.0,0.0
1973,col,aut,711,3943000.0,0.0
1973,col,bel,711,5017000.0,0.0
1973,col,che,711,4392000.0,0.0
1973,col,csk,711,3334000.0,0.0
1973,col,ddr,711,3953000.0,0.0
1973,col,deu,711,122752000.0,0.0
1973,col,dnk,711,7896000.0,0.0
1973,col,esp,711,27402000.0,0.0
1973,col,fdr,711,118799000.0,0.0
1973,col,fin,711,24546000.0,0.0
1973,col,fra,711,10544000.0,0.0
1973,col,gbr,711,3370000.0,0.0
1973,col,grc,711,44000.0,0.0
1973,col,hun,711,63000.0,0.0
1973,col,irl,711,11000.0,0.0
1973,col,ita,711,4329000.0,0.0
1973,col,nld,711,33955000.0,0.0
1973,col,nor,711,4905000.0,0.0
1973,col,pol,711,3068000.0,0.0
1973,col,sun,711,4926000.0,0.0
1973,col,swe,711,29217000.0,0.0
1973,col,yug,711,858000.0,0.0
1973,col,can,711,13121000.0,0.0
1973,col,jam,711,18000.0,0.0
1973,col,naa,711,1857000.0,0.0
1973,col,tto,711,11000.0,0.0
1973,col,usa,711,266523000.0,0.0
1973,col,aus,711,177000.0,0.0
1973,col,ncl,711,1000.0,0.0
1973,col,nzl,711,18000.0,0.0
1973,col,arg,711,8750000.0,0.0
1973,col,bol,711,1000.0,0.0
1973,col,chl,711,135000.0,0.0
1973,col,ury,711,180000.0,0.0
1973,col,wld,711,598892000.0,0.0
1974,col,mar,711,6000.0,0.0
1974,col,zaf,711,403000.0,0.0
1974,col,isr,711,414000.0,0.0
1974,col,jpn,711,9785000.0,0.0
1974,col,kor,711,407000.0,0.0
1974,col,twn,711,56000.0,0.0
1974,col,aut,711,4924000.0,0.0
1974,col,bel,711,9060000.0,0.0
1974,col,bgr,711,746000.0,0.0
1974,col,che,711,5019000.0,0.0
1974,col,csk,711,1944000.0,0.0
1974,col,ddr,711,8469000.0,0.0
1974,col,deu,711,140851000.0,0.0
1974,col,dnk,711,11811000.0,0.0
1974,col,esp,711,36276000.0,0.0
1974,col,fdr,711,132382000.0,0.0
1974,col,fin,711,31929000.0,0.0
1974,col,fra,711,13545000.0,0.0
1974,col,gbr,711,3148000.0,0.0
1974,col,grc,711,106000.0,0.0
1974,col,hun,711,359000.0,0.0
1974,col,ita,711,5985000.0,0.0
1974,col,nld,711,51924000.0,0.0
1974,col,nor,711,7542000.0,0.0
1974,col,pol,711,9932000.0,0.0
1974,col,prt,711,47000.0,0.0
1974,col,rou,711,3257000.0,0.0
1974,col,sun,711,7342000.0,0.0
1974,col,swe,711,36813000.0,0.0
1974,col,yug,711,6115000.0,0.0
1974,col,blz,711,27000.0,0.0
1974,col,brb,711,6000.0,0.0
1974,col,can,711,17570000.0,0.0
1974,col,naa,711,14137000.0,0.0
1974,col,pan,711,1000.0,0.0
1974,col,usa,711,294585000.0,0.0
1974,col,aus,711,187000.0,0.0
1974,col,ncl,711,2000.0,0.0
1974,col,nzl,711,10000.0,0.0
1974,col,arg,711,10450000.0,0.0
1974,col,bol,711,3000.0,0.0
1974,col,bra,711,4845000.0,0.0
1974,col,chl,711,76000.0,0.0
1974,col,ury,711,119000.0,0.0
1974,col,wld,711,741764000.0,0.0
1975,col,bfa,711,35000.0,0.0
1975,col,mar,711,25000.0,0.0
1975,col,sen,711,1000.0,0.0
1975,col,tcd,711,70000.0,0.0
1975,col,zaf,711,217000.0,0.0
1975,col,cyp,711,16000.0,0.0
1975,col,isr,711,381000.0,0.0
1975,col,jpn,711,14472000.0,0.0
1975,col,kor,711,456000.0,0.0
1975,col,twn,711,254000.0,0.0
1975,col,aut,711,5095000.0,0.0
1975,col,bel,711,9395000.0,0.0
1975,col,che,711,4682000.0,0.0
1975,col,csk,711,2176000.0,0.0
1975,col,ddr,711,5880000.0,0.0
1975,col,deu,711,156945000.0,0.0
1975,col,dnk,711,9073000.0,0.0
1975,col,esp,711,27174000.0,0.0
1975,col,fdr,711,151065000.0,0.0
1975,col,fin,711,34905000.0,0.0
1975,col,fra,711,16977000.0,0.0
1975,col,gbr,711,2760000.0,0.0
1975,col,grc,711,268000.0,0.0
1975,col,hun,711,588000.0,0.0
1975,col,irl,711,13000.0,0.0
1975,col,ita,711,5013000.0,0.0
1975,col,nld,711,70527000.0,0.0
1975,col,nor,711,6179000.0,0.0
1975,col,pol,711,9211000.0,0.0
1975,col,rou,711,1429000.0,0.0
1975,col,swe,711,43956000.0,0.0
1975,col,yug,711,3043000.0,0.0
1975,col,blz,711,40000.0,0.0
1975,col,can,711,16783000.0,0.0
1975,col,naa,711,1702000.0,0.0
1975,col,pan,711,1000.0,0.0
1975,col,usa,711,323706000.0,0.0
1975,col,aus,711,147000.0,0.0
1975,col,nzl,711,13000.0,0.0
1975,col,arg,711,15411000.0,0.0
1975,col,bol,711,5000.0,0.0
1975,col,chl,711,109000.0,0.0
1975,col,ury,711,59000.0,0.0
1975,col,wld,711,783312000.0,0.0
1976,col,tun,711,47000.0,0.0
1976,col,zaf,711,160000.0,0.0
1976,col,isr,711,478000.0,0.0
1976,col,jor,711,272000.0,0.0
1976,col,jpn,711,34608000.0,0.0
1976,col,kor,711,225000.0,0.0
1976,col,aut,711,7222000.0,0.0
1976,col,bel,711,14001000.0,0.0
1976,col,che,711,5767000.0,0.0
1976,col,csk,711,2965000.0,0.0
1976,col,ddr,711,19283000.0,0.0
1976,col,deu,711,270911000.0,0.0
1976,col,dnk,711,12669000.0,0.0
1976,col,esp,711,10964000.0,0.0
1976,col,fdr,711,251628000.0,0.0
1976,col,fin,711,47785000.0,0.0
1976,col,fra,711,27260000.0,0.0
1976,col,gbr,711,3350000.0,0.0
1976,col,grc,711,3000.0,0.0
1976,col,hun,711,464000.0,0.0
1976,col,irl,711,2000.0,0.0
1976,col,ita,711,4482000.0,0.0
1976,col,nld,711,98070000.0,0.0
1976,col,nor,711,6807000.0,0.0
1976,col,pol,711,24000000.0,0.0
1976,col,sun,711,10166000.0,0.0
1976,col,swe,711,82775000.0,0.0
1976,col,yug,711,4464000.0,0.0
1976,col,blz,711,1000.0,0.0
1976,col,can,711,22246000.0,0.0
1976,col,naa,711,18465000.0,0.0
1976,col,pan,711,1000.0,0.0
1976,col,usa,711,399586000.0,0.0
1976,col,aus,711,203000.0,0.0
1976,col,ncl,711,2000.0,0.0
1976,col,arg,711,15613000.0,0.0
1976,col,chl,711,139000.0,0.0
1976,col,per,711,5000.0,0.0
1976,col,ury,711,318000.0,0.0
1976,col,wld,711,1126496000.0,0.0
1977,col,mus,711,2241000.0,0.0
1977,col,zaf,711,179000.0,0.0
1977,col,isr,711,939000.0,0.0
1977,col,jpn,711,85443000.0,0.0
1977,col,kor,711,1342000.0,0.0
1977,col,sgp,711,81000.0,0.0
1977,col,aut,711,11662000.0,0.0
1977,col,bel,711,16202000.0,0.0
1977,col,che,711,12079000.0,0.0
1977,col,csk,711,8471000.0,0.0
1977,col,ddr,711,34003000.0,0.0
1977,col,deu,711,438273000.0,0.0
1977,col,dnk,711,24404000.0,0.0
1977,col,esp,711,61525000.0,0.0
1977,col,fdr,711,404270000.0,0.0
1977,col,fin,711,76627000.0,0.0
1977,col,fra,711,40902000.0,0.0
1977,col,gbr,711,5266000.0,0.0
1977,col,irl,711,65000.0,0.0
1977,col,isl,711,36000.0,0.0
1977,col,ita,711,8560000.0,0.0
1977,col,nld,711,85816000.0,0.0
1977,col,nor,711,13643000.0,0.0
1977,col,pol,711,22039000.0,0.0
1977,col,rou,711,7746000.0,0.0
1977,col,sun,711,177000.0,0.0
1977,col,swe,711,82999000.0,0.0
1977,col,yug,711,3181000.0,0.0
1977,col,can,711,42264000.0,0.0
1977,col,naa,711,13538000.0,0.0
1977,col,usa,711,551447000.0,0.0
1977,col,aus,711,541000.0,0.0
1977,col,nzl,711,73000.0,0.0
1977,col,arg,711,36052000.0,0.0
1977,col,chl,711,192000.0,0.0
1977,col,ury,711,240000.0,0.0
1977,col,wld,711,1654245000.0,0.0
1978,col,dza,711,23816000.0,0.0
1978,col,mar,711,244000.0,0.0
1978,col,fio,711,17000.0,0.0
1978,col,isr,711,994000.0,0.0
1978,col,jpn,711,45876000.0,0.0
1978,col,kor,711,2815000.0,0.0
1978,col,aut,711,19077000.0,0.0
1978,col,bel,711,46721000.0,0.0
1978,col,che,711,11809000.0,0.0
1978,col,deu,711,481895000.0,0.0
1978,col,dnk,711,30065000.0,0.0
1978,col,esp,711,69177000.0,0.0
1978,col,fdr,711,481895000.0,0.0
1978,col,fin,711,81358000.0,0.0
1978,col,fra,711,52769000.0,0.0
1978,col,gbr,711,4131000.0,0.0
1978,col,grc,711,15000.0,0.0
1978,col,irl,711,17000.0,0.0
1978,col,isl,711,253000.0,0.0
1978,col,ita,711,17096000.0,0.0
1978,col,nld,711,163132000.0,0.0
1978,col,nor,711,29728000.0,0.0
1978,col,prt,711,27000.0,0.0
1978,col,swe,711,118547000.0,0.0
1978,col,yug,711,12679000.0,0.0
1978,col,can,711,47971000.0,0.0
1978,col,usa,711,719952000.0,0.0
1978,col,nzl,711,54000.0,0.0
1978,col,arg,711,12507000.0,0.0
1978,col,wld,711,1992742000.0,0.0
1979,col,bfa,711,9000.0,0.0
1979,col,dza,711,32850000.0,0.0
1979,col,mar,711,512000.0,0.0
1979,col,sen,711,3000.0,0.0
1979,col,zaf,711,70000.0,0.0
1979,col,are,711,88000.0,0.0
1979,col,isr,711,2418000.0,0.0
1979,col,jor,711,39000.0,0.0
1979,col,jpn,711,78647000.0,0.0
1979,col,kor,711,3347000.0,0.0
1979,col,sgp,711,28000.0,0.0
1979,col,twn,711,377000.0,0.0
1979,col,aut,711,27853000.0,0.0
1979,col,bel,711,36663000.0,0.0
1979,col,che,711,15740000.0,0.0
1979,col,csk,711,5126000.0,0.0
1979,col,ddr,711,13136000.0,0.0
1979,col,deu,711,575289000.0,0.0
1979,col,dnk,711,38305000.0,0.0
1979,col,esp,711,103215000.0,0.0
1979,col,fdr,711,562153000.0,0.0
1979,col,fin,711,91872000.0,0.0
1979,col,fra,711,64930000.0,0.0
1979,col,gbr,711,1737000.0,0.0
1979,col,gib,711,14000.0,0.0
1979,col,grc,711,58000.0,0.0
1979,col,isl,711,262000.0,0.0
1979,col,ita,711,25985000.0,0.0
1979,col,nld,711,145272000.0,0.0
1979,col,nor,711,32174000.0,0.0
1979,col,pol,711,29662000.0,0.0
1979,col,prt,711,101000.0,0.0
1979,col,rou,711,7171000.0,0.0
1979,col,sun,711,2691000.0,0.0
1979,col,swe,711,132620000.0,0.0
1979,col,yug,711,25244000.0,0.0
1979,col,blz,711,120000.0,0.0
1979,col,can,711,57963000.0,0.0
1979,col,kna,711,1000.0,0.0
1979,col,naa,711,295000.0,0.0
1979,col,pan,711,1000.0,0.0
1979,col,usa,711,829936000.0,0.0
1979,col,aus,711,332000.0,0.0
1979,col,glp,711,48000.0,0.0
1979,col,nzl,711,53000.0,0.0
1979,col,arg,711,30195000.0,0.0
1979,col,chl,711,226000.0,0.0
1979,col,ury,711,41000.0,0.0
1979,col,wld,711,2399583000.0,0.0
1980,col,bfa,711,5000.0,0.0
1980,col,cmr,711,4000.0,0.0
1980,col,dza,711,63553000.0,0.0
1980,col,mar,711,309000.0,0.0
1980,col,sen,711,3000.0,0.0
1980,col,zaf,711,492000.0,0.0
1980,col,chn,711,149000.0,0.0
1980,col,isr,711,2646000.0,0.0
1980,col,jor,711,15000.0,0.0
1980,col,jpn,711,100480000.0,0.0
1980,col,kor,711,4938000.0,0.0
1980,col,sgp,711,84000.0,0.0
1980,col,twn,711,252000.0,0.0
1980,col,aut,711,31499000.0,0.0
1980,col,bel,711,40627000.0,0.0
1980,col,che,711,25606000.0,0.0
1980,col,csk,711,2310000.0,0.0
1980,col,ddr,711,37285000.0,0.0
1980,col,deu,711,620029000.0,0.0
1980,col,dnk,711,45481000.0,0.0
1980,col,esp,711,124973000.0,0.0
1980,col,fdr,711,582744000.0,0.0
1980,col,fin,711,108609000.0,0.0
1980,col,fra,711,83207000.0,0.0
1980,col,gbr,711,4052000.0,0.0
1980,col,gib,711,29000.0,0.0
1980,col,grc,711,926000.0,0.0
1980,col,hun,711,821000.0,0.0
1980,col,irl,711,84000.0,0.0
1980,col,isl,711,253000.0,0.0
1980,col,ita,711,33996000.0,0.0
1980,col,nld,711,195230000.0,0.0
1980,col,nor,711,44818000.0,0.0
1980,col,prt,711,29000.0,0.0
1980,col,rou,711,11080000.0,0.0
1980,col,sun,711,6457000.0,0.0
1980,col,swe,711,135161000.0,0.0
1980,col,yug,711,18937000.0,0.0
1980,col,blz,711,27000.0,0.0
1980,col,brb,711,11000.0,0.0
1980,col,can,711,63774000.0,0.0
1980,col,kna,711,29000.0,0.0
1980,col,naa,711,73000.0,0.0
1980,col,pan,711,1000.0,0.0
1980,col,usa,711,804869000.0,0.0
1980,col,aus,711,664000.0,0.0
1980,col,glp,711,35000.0,0.0
1980,col,nzl,711,130000.0,0.0
1980,col,arg,711,36491000.0,0.0
1980,col,bol,711,54000.0,0.0
1980,col,chl,711,581000.0,0.0
1980,col,ury,711,81000.0,0.0
1980,col,wld,711,2613964000.0,0.0
1981,col,dza,711,26743000.0,0.0
1981,col,mar,711,266000.0,0.0
1981,col,ner,711,1000.0,0.0
1981,col,sen,711,4000.0,0.0
1981,col,tun,711,35000.0,0.0
1981,col,zaf,711,685000.0,0.0
1981,col,are,711,178000.0,0.0
1981,col,isr,711,2694000.0,0.0
1981,col,jpn,711,69556000.0,0.0
1981,col,kor,711,1868000.0,0.0
1981,col,sau,711,41000.0,0.0
1981,col,sgp,711,682000.0,0.0
1981,col,twn,711,172000.0,0.0
1981,col,aut,711,25460000.0,0.0
1981,col,bel,711,21855000.0,0.0
1981,col,che,711,14260000.0,0.0
1981,col,csk,711,6687000.0,0.0
1981,col,ddr,711,19361000.0,0.0
1981,col,deu,711,490395000.0,0.0
1981,col,dnk,711,30983000.0,0.0
1981,col,esp,711,67912000.0,0.0
1981,col,fdr,711,471034000.0,0.0
1981,col,fin,711,61516000.0,0.0
1981,col,fra,711,49161000.0,0.0
1981,col,gbr,711,7308000.0,0.0
1981,col,grc,711,144000.0,0.0
1981,col,hun,711,786000.0,0.0
1981,col,irl,711,36000.0,0.0
1981,col,isl,711,934000.0,0.0
1981,col,ita,711,21849000.0,0.0
1981,col,nld,711,103725000.0,0.0
1981,col,nor,711,26086000.0,0.0
1981,col,prt,711,11000.0,0.0
1981,col,rou,711,5768000.0,0.0
1981,col,swe,711,78825000.0,0.0
1981,col,yug,711,19690000.0,0.0
1981,col,blz,711,67000.0,0.0
1981,col,can,711,26588000.0,0.0
1981,col,naa,711,202000.0,0.0
1981,col,pan,711,1000.0,0.0
1981,col,usa,711,328915000.0,1000.0
1981,col,aus,711,771000.0,0.0
1981,col,glp,711,26000.0,0.0
1981,col,ncl,711,1000.0,0.0
1981,col,nzl,711,144000.0,0.0
1981,col,arg,711,19460000.0,0.0
1981,col,chl,711,130000.0,0.0
1981,col,guf,711,2000.0,0.0
1981,col,sur,711,88000.0,0.0
1981,col,ury,711,132000.0,0.0
1981,col,wld,711,1512843000.0,1000.0
1982,col,cmr,711,1000.0,0.0
1982,col,dza,711,16294000.0,0.0
1982,col,mar,711,107000.0,0.0
1982,col,zaf,711,455000.0,0.0
1982,col,are,711,91000.0,0.0
1982,col,isr,711,1186000.0,0.0
1982,col,jpn,711,74518000.0,0.0
1982,col,kor,711,4762000.0,0.0
1982,col,twn,711,931000.0,0.0
1982,col,aut,711,20134000.0,0.0
1982,col,bel,711,28178000.0,0.0
1982,col,che,711,18146000.0,0.0
1982,col,csk,711,6303000.0,0.0
1982,col,ddr,711,33064000.0,0.0
1982,col,deu,711,580006000.0,0.0
1982,col,dnk,711,30424000.0,0.0
1982,col,esp,711,67998000.0,0.0
1982,col,fdr,711,546942000.0,0.0
1982,col,fin,711,58158000.0,0.0
1982,col,fra,711,55948000.0,0.0
1982,col,gbr,711,17137000.0,0.0
1982,col,gib,711,42000.0,0.0
1982,col,grc,711,40000.0,0.0
1982,col,hun,711,3322000.0,0.0
1982,col,irl,711,32000.0,0.0
1982,col,isl,711,292000.0,0.0
1982,col,ita,711,27314000.0,0.0
1982,col,nld,711,113086000.0,0.0
1982,col,nor,711,23071000.0,0.0
1982,col,pol,711,30114000.0,0.0
1982,col,prt,711,8000.0,0.0
1982,col,rou,711,26857000.0,0.0
1982,col,sun,711,5900000.0,0.0
1982,col,swe,711,87410000.0,0.0
1982,col,yug,711,1836000.0,0.0
1982,col,can,711,26823000.0,0.0
1982,col,pan,711,1000.0,0.0
1982,col,usa,711,335281000.0,2000.0
1982,col,aus,711,793000.0,0.0
1982,col,glp,711,6000.0,0.0
1982,col,ncl,711,26000.0,0.0
1982,col,nzl,711,74000.0,0.0
1982,col,arg,711,18594000.0,0.0
1982,col,chl,711,189000.0,0.0
1982,col,ury,711,37000.0,0.0
1982,col,wld,711,1681925000.0,2000.0
1983,col,civ,711,1000.0,0.0
1983,col,dza,711,5709000.0,0.0
1983,col,zaf,711,351000.0,0.0
1983,col,isr,711,93000.0,0.0
1983,col,jpn,711,78537000.0,0.0
1983,col,kor,711,2950000.0,0.0
1983,col,sgp,711,55000.0,0.0
1983,col,aut,711,18816000.0,0.0
1983,col,bel,711,45586000.0,0.0
1983,col,che,711,21628000.0,0.0
1983,col,csk,711,11460000.0,0.0
1983,col,ddr,711,27285000.0,0.0
1983,col,deu,711,518050000.0,0.0
1983,col,dnk,711,23735000.0,0.0
1983,col,esp,711,60652000.0,0.0
1983,col,fdr,711,490765000.0,0.0
1983,col,fin,711,49716000.0,0.0
1983,col,fra,711,51471000.0,0.0
1983,col,gbr,711,20001000.0,0.0
1983,col,gib,711,41000.0,0.0
1983,col,grc,711,11000.0,0.0
1983,col,hun,711,2202000.0,0.0
1983,col,irl,711,14000.0,0.0
1983,col,isl,711,187000.0,0.0
1983,col,ita,711,27574000.0,0.0
1983,col,nld,711,111823000.0,0.0
1983,col,nor,711,25188000.0,0.0
1983,col,prt,711,18000.0,0.0
1983,col,rou,711,20942000.0,0.0
1983,col,sun,711,5457000.0,0.0
1983,col,swe,711,75907000.0,0.0
1983,col,yug,711,200000.0,0.0
1983,col,can,711,28407000.0,0.0
1983,col,pan,711,1000.0,0.0
1983,col,usa,711,318701000.0,1000.0
1983,col,aus,711,325000.0,0.0
1983,col,glp,711,3000.0,0.0
1983,col,nzl,711,106000.0,0.0
1983,col,arg,711,33658000.0,0.0
1983,col,chl,711,219000.0,0.0
1983,col,wld,711,1559795000.0,1000.0
1984,col,dza,711,22125289.0,0.0
1984,col,reu,711,11465.0,0.0
1984,col,zaf,711,207485.0,0.0
1984,col,isr,711,123793.0,0.0
1984,col,jpn,711,82830893.0,0.0
1984,col,kor,711,4181019.0,0.0
1984,col,mys,711,820.0,0.0
1984,col,aut,711,17442262.0,0.0
1984,col,bel,711,43939775.0,0.0
1984,col,che,711,24289995.0,81493.0
1984,col,deu,711,429004288.0,0.0
1984,col,dnk,711,22389649.0,0.0
1984,col,esp,711,65116412.0,0.0
1984,col,fin,711,58208228.0,0.0
1984,col,fra,711,44962782.0,0.0
1984,col,gbr,711,44241873.0,0.0
1984,col,irl,711,67357.0,0.0
1984,col,isl,711,304002.0,0.0
1984,col,ita,711,23187430.0,0.0
1984,col,nld,711,109489622.0,0.0
1984,col,nor,711,29015786.0,0.0
1984,col,swe,711,81411923.0,0.0
1984,col,can,711,37372400.0,0.0
1984,col,usa,711,377853469.0,0.0
1984,col,aus,711,658575.0,0.0
1984,col,glp,711,2355.0,0.0
1984,col,nzl,711,230049.0,0.0
1984,col,arg,711,14361074.0,0.0
1984,col,chl,711,230419.0,0.0
1984,col,guf,711,5774.0,0.0
1984,col,ury,711,11429.0,0.0
1985,col,dza,711,27929869.0,0.0
1985,col,tun,711,448572.0,0.0
1985,col,isr,711,248544.0,0.0
1985,col,jpn,711,88167428.0,0.0
1985,col,kor,711,9948242.0,0.0
1985,col,mys,711,995.0,0.0
1985,col,sgp,711,98351.0,0.0
1985,col,aut,711,19074922.0,0.0
1985,col,bel,711,35207920.0,0.0
1985,col,che,711,30550594.0,0.0
1985,col,deu,711,414283187.0,0.0
1985,col,dnk,711,23723815.0,0.0
1985,col,esp,711,52687712.0,0.0
1985,col,fin,711,49037579.0,0.0
1985,col,fra,711,55262172.0,0.0
1985,col,gbr,711,48871692.0,0.0
1985,col,irl,711,77336.0,0.0
1985,col,isl,711,225020.0,0.0
1985,col,ita,711,31174218.0,0.0
1985,col,nld,711,101859889.0,0.0
1985,col,nor,711,27470830.0,0.0
1985,col,prt,711,38541.0,0.0
1985,col,swe,711,79171402.0,0.0
1985,col,brb,711,4831.0,0.0
1985,col,can,711,35123958.0,0.0
1985,col,grl,711,757.0,0.0
1985,col,mtq,711,5151.0,0.0
1985,col,usa,711,441403942.0,623.0
1985,col,aus,711,730844.0,0.0
1985,col,glp,711,6941.0,0.0
1985,col,nzl,711,197748.0,0.0
1985,col,arg,711,15406483.0,0.0
1985,col,chl,711,430374.0,0.0
1985,col,ury,711,92628.0,0.0
1986,col,dza,711,15896.0,0.0
1986,col,mar,711,133415.0,0.0
1986,col,reu,711,61813.0,0.0
1986,col,cyp,711,23255.0,0.0
1986,col,isr,711,145554.0,0.0
1986,col,jor,711,340176.0,0.0
1986,col,jpn,711,163593567.0,0.0
1986,col,kor,711,7247599.0,0.0
1986,col,sgp,711,2009186.0,0.0
1986,col,aut,711,49314364.0,0.0
1986,col,bel,711,51197581.0,0.0
1986,col,che,711,48961469.0,0.0
1986,col,deu,711,784669885.0,0.0
1986,col,dnk,711,49524267.0,0.0
1986,col,esp,711,96469601.0,0.0
1986,col,fin,711,84206487.0,0.0
1986,col,fra,711,92822328.0,0.0
1986,col,gbr,711,74668162.0,0.0
1986,col,irl,711,150938.0,0.0
1986,col,isl,711,1171220.0,0.0
1986,col,ita,711,53799946.0,0.0
1986,col,nld,711,191149187.0,0.0
1986,col,nor,711,53434115.0,0.0
1986,col,prt,711,119742.0,0.0
1986,col,swe,711,139826170.0,0.0
1986,col,brb,711,145818.0,0.0
1986,col,can,711,56105518.0,77766.0
1986,col,mex,711,0.0,29000.0
1986,col,usa,711,626526754.0,0.0
1986,col,aus,711,1517545.0,0.0
1986,col,glp,711,3640.0,0.0
1986,col,nzl,711,206282.0,0.0
1986,col,arg,711,50488491.0,0.0
1986,col,chl,711,673516.0,0.0
1986,col,ury,711,192262.0,0.0
1987,col,dza,711,11132962.0,0.0
1987,col,reu,711,89081.0,0.0
1987,col,chn,711,24694.0,0.0
1987,col,hkg,711,270369.0,0.0
1987,col,isr,711,719171.0,0.0
1987,col,jpn,711,101262640.0,0.0
1987,col,kor,711,5504338.0,0.0
1987,col,mys,711,19761.0,0.0
1987,col,sgp,711,1990062.0,0.0
1987,col,aut,711,24105954.0,0.0
1987,col,bel,711,28556955.0,0.0
1987,col,che,711,34334349.0,0.0
1987,col,deu,711,606033622.0,0.0
1987,col,dnk,711,27959775.0,0.0
1987,col,esp,711,55255827.0,0.0
1987,col,fin,711,52975543.0,0.0
1987,col,fra,711,73385965.0,0.0
1987,col,gbr,711,38561847.0,0.0
1987,col,grc,711,148185.0,0.0
1987,col,irl,711,155000.0,0.0
1987,col,isl,711,653875.0,0.0
1987,col,ita,711,42903554.0,0.0
1987,col,nld,711,118629306.0,0.0
1987,col,nor,711,28154000.0,0.0
1987,col,prt,711,261250.0,0.0
1987,col,swe,711,77525955.0,0.0
1987,col,can,711,49025683.0,125739.0
1987,col,mtq,711,10690.0,0.0
1987,col,usa,711,387623545.0,0.0
1987,col,aus,711,1615654.0,0.0
1987,col,glp,711,469.0,0.0
1987,col,nzl,711,470013.0,0.0
1987,col,arg,711,16271081.0,0.0
1987,col,chl,711,551484.0,0.0
1988,col,dza,711,16026229.0,0.0
1988,col,mar,711,89300.0,0.0
1988,col,tun,711,23673.0,0.0
1988,col,chn,711,231661.0,0.0
1988,col,isr,711,46992.0,0.0
1988,col,jpn,711,114758328.0,0.0
1988,col,kor,711,2643649.0,0.0
1988,col,mys,711,630.0,0.0
1988,col,sgp,711,19369.0,0.0
1988,col,aut,711,18719619.0,0.0
1988,col,bel,711,20846244.0,0.0
1988,col,che,711,20713033.0,0.0
1988,col,deu,711,500509915.0,0.0
1988,col,dnk,711,20437758.0,0.0
1988,col,esp,711,41665201.0,0.0
1988,col,fin,711,49510653.0,0.0
1988,col,fra,711,63345305.0,0.0
1988,col,gbr,711,30797631.0,0.0
1988,col,grc,711,299836.0,0.0
1988,col,irl,711,197263.0,0.0
1988,col,isl,711,632032.0,0.0
1988,col,ita,711,29233907.0,0.0
1988,col,nld,711,74072888.0,0.0
1988,col,nor,711,26474140.0,0.0
1988,col,prt,711,47738.0,0.0
1988,col,swe,711,73706462.0,0.0
1988,col,yug,711,3439296.0,0.0
1988,col,brb,711,662.0,0.0
1988,col,can,711,55293057.0,113011.0
1988,col,usa,711,405459509.0,630.0
1988,col,aus,711,2039088.0,0.0
1988,col,glp,711,8293.0,0.0
1988,col,nzl,711,280136.0,3302.0
1988,col,arg,711,19144640.0,0.0
1988,col,chl,711,273527.0,0.0
1988,col,ury,711,22062.0,0.0
1989,col,mar,711,25598.0,0.0
1989,col,tun,711,25655.0,0.0
1989,col,chn,711,1478807.0,0.0
1989,col,isr,711,58991.0,0.0
1989,col,jpn,711,108671853.0,0.0
1989,col,kor,711,7271337.0,0.0
1989,col,mys,711,555872.0,0.0
1989,col,sgp,711,14164.0,0.0
1989,col,aut,711,18353197.0,0.0
1989,col,bel,711,21182126.0,0.0
1989,col,che,711,16639957.0,0.0
1989,col,csk,711,15448121.0,0.0
1989,col,deu,711,478756520.0,175000.0
1989,col,dnk,711,21794537.0,29984.0
1989,col,esp,711,36975937.0,0.0
1989,col,fin,711,46741440.0,0.0
1989,col,fra,711,52697329.0,0.0
1989,col,gbr,711,33853601.0,0.0
1989,col,grc,711,365604.0,0.0
1989,col,irl,711,197889.0,0.0
1989,col,isl,711,619689.0,0.0
1989,col,ita,711,31325924.0,0.0
1989,col,nld,711,84103046.0,0.0
1989,col,nor,711,24863221.0,0.0
1989,col,prt,711,395277.0,0.0
1989,col,rou,711,1006594.0,0.0
1989,col,swe,711,68932737.0,0.0
1989,col,yug,711,2580369.0,0.0
1989,col,can,711,51886934.0,0.0
1989,col,mtq,711,6921.0,0.0
1989,col,usa,711,355781611.0,0.0
1989,col,aus,711,2421468.0,0.0
1989,col,glp,711,20017.0,0.0
1989,col,nzl,711,202829.0,0.0
1989,col,arg,711,11796204.0,0.0
1989,col,bol,711,21061.0,0.0
1989,col,chl,711,577096.0,0.0
1989,col,guf,711,4551.0,0.0
1989,col,ury,711,35506.0,0.0
1990,col,mar,711,676403.0,0.0
1990,col,reu,711,36003.0,0.0
1990,col,chn,711,403589.0,0.0
1990,col,hkg,711,26425.0,0.0
1990,col,isr,711,173061.0,0.0
1990,col,jpn,711,102039109.0,0.0
1990,col,kor,711,8502790.0,0.0
1990,col,mys,711,2376900.0,0.0
1990,col,sau,711,79885.0,0.0
1990,col,sgp,711,1433417.0,0.0
1990,col,aut,711,21840358.0,0.0
1990,col,bel,711,16371524.0,0.0
1990,col,che,711,18480469.0,7514.0
1990,col,csk,711,11405091.0,0.0
1990,col,deu,711,418346346.0,0.0
1990,col,dnk,711,18735350.0,0.0
1990,col,esp,711,41721332.0,0.0
1990,col,fin,711,38891547.0,0.0
1990,col,fra,711,59409708.0,0.0
1990,col,gbr,711,33692620.0,0.0
1990,col,grc,711,393773.0,0.0
1990,col,irl,711,134580.0,0.0
1990,col,isl,711,580014.0,0.0
1990,col,ita,711,30206685.0,0.0
1990,col,nld,711,80621651.0,0.0
1990,col,nor,711,22740083.0,0.0
1990,col,prt,711,913655.0,0.0
1990,col,rou,711,3973238.0,0.0
1990,col,swe,711,59445636.0,0.0
1990,col,yug,711,5129461.0,0.0
1990,col,brb,711,796.0,0.0
1990,col,can,711,45160269.0,0.0
1990,col,mtq,711,20786.0,0.0
1990,col,usa,711,300940748.0,0.0
1990,col,aus,711,1451106.0,0.0
1990,col,glp,711,101492.0,0.0
1990,col,nzl,711,287986.0,0.0
1990,col,arg,711,10547307.0,0.0
1990,col,bol,711,21315.0,0.0
1990,col,chl,711,347228.0,0.0
1990,col,guf,711,2964.0,0.0
1990,col,ury,711,35736.0,0.0
1991,col,mar,711,193205.0,0.0
1991,col,reu,711,33369.0,0.0
1991,col,are,711,62373.0,0.0
1991,col,chn,711,282001.0,0.0
1991,col,hkg,711,92932.0,0.0
1991,col,isr,711,828418.0,0.0
1991,col,jpn,711,88651058.0,0.0
1991,col,kor,711,12464927.0,0.0
1991,col,mys,711,439276.0,0.0
1991,col,sau,711,659499.0,0.0
1991,col,sgp,711,475376.0,0.0
1991,col,aut,711,19728937.0,0.0
1991,col,bel,711,9389162.0,0.0
1991,col,che,711,17718094.0,3428.0
1991,col,deu,711,469429884.0,0.0
1991,col,dnk,711,20655483.0,0.0
1991,col,esp,711,43157558.0,0.0
1991,col,fin,711,33518163.0,0.0
1991,col,fra,711,63743378.0,0.0
1991,col,gbr,711,35685989.0,0.0
1991,col,grc,711,184020.0,0.0
1991,col,hun,711,4366585.0,0.0
1991,col,irl,711,89237.0,0.0
1991,col,isl,711,631324.0,0.0
1991,col,ita,711,23168227.0,0.0
1991,col,mlt,711,5122.0,0.0
1991,col,nld,711,82563362.0,0.0
1991,col,nor,711,23334004.0,0.0
1991,col,prt,711,664753.0,0.0
1991,col,swe,711,60278170.0,0.0
1991,col,can,711,48248235.0,0.0
1991,col,mtq,711,484.0,0.0
1991,col,usa,711,331290204.0,0.0
1991,col,aus,711,1454638.0,0.0
1991,col,glp,711,88708.0,0.0
1991,col,nzl,711,189423.0,0.0
1991,col,arg,711,7867444.0,0.0
1991,col,chl,711,637928.0,0.0
1991,col,guf,711,17095.0,0.0
1991,col,ury,711,47175.0,0.0
1992,col,mar,711,642908.0,0.0
1992,col,zaf,711,491089.0,0.0
1992,col,are,711,513658.0,0.0
1992,col,chn,711,1880253.0,0.0
1992,col,cyp,711,8293.0,0.0
1992,col,hkg,711,108301.0,0.0
1992,col,isr,711,1230814.0,0.0
1992,col,jor,711,19914.0,0.0
1992,col,jpn,711,77234340.0,0.0
1992,col,kor,711,10925156.0,0.0
1992,col,lbn,711,113164.0,0.0
1992,col,mys,711,1544640.0,0.0
1992,col,sau,711,145018.0,0.0
1992,col,sgp,711,1334443.0,0.0
1992,col,aut,711,14719591.0,0.0
1992,col,bel,711,9061105.0,0.0
1992,col,che,711,14511181.0,0.0
1992,col,csk,711,6149770.0,0.0
1992,col,deu,711,448722461.0,0.0
1992,col,dnk,711,19613180.0,0.0
1992,col,esp,711,39393484.0,0.0
1992,col,fin,711,29715886.0,0.0
1992,col,fra,711,51688599.0,944.0
1992,col,gbr,711,35515955.0,0.0
1992,col,gib,711,12354.0,0.0
1992,col,grc,711,157731.0,0.0
1992,col,hrv,711,3212105.0,0.0
1992,col,hun,711,1855585.0,0.0
1992,col,irl,711,183597.0,0.0
1992,col,isl,711,558083.0,0.0
1992,col,ita,711,21489469.0,0.0
1992,col,mlt,711,9705.0,0.0
1992,col,nld,711,55509399.0,0.0
1992,col,nor,711,21412295.0,0.0
1992,col,pol,711,1305492.0,0.0
1992,col,prt,711,408761.0,0.0
1992,col,rus,711,340867.0,0.0
1992,col,scg,711,429736.0,0.0
1992,col,svn,711,1281512.0,0.0
1992,col,swe,711,45448215.0,0.0
1992,col,can,711,38339149.0,0.0
1992,col,mtq,711,935.0,0.0
1992,col,usa,711,397688925.0,0.0
1992,col,aus,711,1087756.0,0.0
1992,col,glp,711,119615.0,0.0
1992,col,nzl,711,407936.0,0.0
1992,col,arg,711,7115537.0,0.0
1992,col,bol,711,95486.0,0.0
1992,col,chl,711,1384818.0,0.0
1992,col,guf,711,2501.0,0.0
1992,col,ury,711,12157.0,0.0
1993,col,dza,711,9284.0,0.0
1993,col,gab,711,13454.0,0.0
1993,col,mar,711,306838.0,0.0
1993,col,reu,711,76341.0,0.0
1993,col,zaf,711,938271.0,0.0
1993,col,are,711,47527.0,0.0
1993,col,chn,711,484876.0,0.0
1993,col,hkg,711,161898.0,0.0
1993,col,isr,711,1199762.0,0.0
1993,col,jpn,711,87819209.0,0.0
1993,col,kor,711,11484527.0,0.0
1993,col,lbn,711,28675.0,0.0
1993,col,mac,711,13667.0,0.0
1993,col,mys,711,3186537.0,0.0
1993,col,prk,711,25000.0,0.0
1993,col,sau,711,26385.0,0.0
1993,col,sgp,711,4432496.0,0.0
1993,col,syr,711,87675.0,0.0
1993,col,tha,711,57988.0,0.0
1993,col,tur,711,14634.0,0.0
1993,col,aut,711,13733663.0,0.0
1993,col,bel,711,6215330.0,839.0
1993,col,che,711,12105288.0,0.0
1993,col,cze,711,7563173.0,0.0
1993,col,deu,711,424655888.0,44000.0
1993,col,dnk,711,19796877.0,0.0
1993,col,esp,711,36042187.0,0.0
1993,col,fin,711,42083386.0,0.0
1993,col,fra,711,51389221.0,0.0
1993,col,gbr,711,38447992.0,0.0
1993,col,gib,711,31500.0,0.0
1993,col,grc,711,363846.0,0.0
1993,col,hrv,711,3454525.0,0.0
1993,col,hun,711,362317.0,0.0
1993,col,irl,711,436757.0,0.0
1993,col,isl,711,543096.0,0.0
1993,col,ita,711,28646111.0,0.0
1993,col,ltu,711,42375.0,0.0
1993,col,mlt,711,11128.0,0.0
1993,col,nld,711,59739275.0,0.0
1993,col,nor,711,17401271.0,0.0
1993,col,pol,711,4583203.0,0.0
1993,col,prt,711,1446613.0,0.0
1993,col,rus,711,447272.0,0.0
1993,col,scg,711,2763313.0,0.0
1993,col,svk,711,1182100.0,0.0
1993,col,svn,711,1492889.0,0.0
1993,col,swe,711,39649171.0,0.0
1993,col,abw,711,4584.0,0.0
1993,col,can,711,35473933.0,0.0
1993,col,kna,711,949.0,0.0
1993,col,mtq,711,1054.0,0.0
1993,col,usa,711,259763866.0,7341.0
1993,col,aus,711,1601796.0,0.0
1993,col,glp,711,127811.0,0.0
1993,col,nzl,711,557644.0,0.0
1993,col,arg,711,1846162.0,0.0
1993,col,bol,711,53756.0,0.0
1993,col,chl,711,1134026.0,0.0
1993,col,ecu,711,1564.0,0.0
1993,col,guf,711,9836.0,0.0
1993,col,pry,711,21482.0,0.0
1993,col,ury,711,58469.0,0.0
1994,col,dza,711,57432.0,0.0
1994,col,gab,711,1098.0,0.0
1994,col,mar,711,172804.0,0.0
1994,col,mus,711,11615.0,0.0
1994,col,reu,711,39137.0,0.0
1994,col,zaf,711,3200988.0,0.0
1994,col,chn,711,381789.0,0.0
1994,col,cyp,711,70944.0,0.0
1994,col,hkg,711,806350.0,0.0
1994,col,isr,711,1725646.0,0.0
1994,col,jor,711,267097.0,0.0
1994,col,jpn,711,193539874.0,1377.0
1994,col,kor,711,21835627.0,0.0
1994,col,mac,711,12740.0,0.0
1994,col,mys,711,1269090.0,0.0
1994,col,sgp,711,1795255.0,0.0
1994,col,aut,711,22081159.0,0.0
1994,col,bel,711,8806952.0,0.0
1994,col,che,711,21481791.0,0.0
1994,col,cze,711,9274821.0,0.0
1994,col,deu,711,521395535.0,11000.0
1994,col,dnk,711,32918189.0,0.0
1994,col,esp,711,51036788.0,0.0
1994,col,fin,711,62118164.0,0.0
1994,col,fra,711,99135957.0,0.0
1994,col,gbr,711,58734531.0,0.0
1994,col,grc,711,347340.0,0.0
1994,col,hrv,711,2674646.0,0.0
1994,col,hun,711,726979.0,0.0
1994,col,irl,711,1066902.0,0.0
1994,col,isl,711,845333.0,0.0
1994,col,ita,711,41842910.0,0.0
1994,col,ltu,711,214967.0,0.0
1994,col,mkd,711,4769.0,0.0
1994,col,mlt,711,2778.0,0.0
1994,col,nld,711,60101781.0,0.0
1994,col,nor,711,37029175.0,0.0
1994,col,pol,711,11167140.0,0.0
1994,col,prt,711,2347918.0,0.0
1994,col,rou,711,1804.0,0.0
1994,col,svk,711,2568783.0,0.0
1994,col,svn,711,4119905.0,0.0
1994,col,swe,711,76730991.0,0.0
1994,col,can,711,74541990.0,0.0
1994,col,mex,711,595766.0,9096.0
1994,col,mtq,711,1017.0,0.0
1994,col,usa,711,419199215.0,7051.0
1994,col,aus,711,3034317.0,0.0
1994,col,glp,711,109177.0,0.0
1994,col,nzl,711,1383046.0,0.0
1994,col,arg,711,7434035.0,0.0
1994,col,chl,711,1682612.0,0.0
1994,col,ecu,711,2759031.0,0.0
1994,col,ury,711,88993.0,0.0
1994,col,ven,711,8316.0,56380.0
1995,col,bdi,711,129962.0,0.0
1995,col,egy,711,32345.0,0.0
1995,col,mar,711,587516.0,0.0
1995,col,reu,711,274284.0,0.0
1995,col,zaf,711,4819607.0,0.0
1995,col,are,711,49677.0,0.0
1995,col,chn,711,2462721.0,0.0
1995,col,isr,711,3149770.0,0.0
1995,col,jpn,711,198464507.0,0.0
1995,col,kor,711,27752405.0,0.0
1995,col,lbn,711,310710.0,0.0
1995,col,mys,711,58060.0,0.0
1995,col,sau,711,115805.0,0.0
1995,col,sgp,711,316745.0,0.0
1995,col,syr,711,307728.0,0.0
1995,col,tur,711,61934.0,0.0
1995,col,and,711,139061.0,0.0
1995,col,aut,711,19139834.0,0.0
1995,col,bel,711,41586764.0,0.0
1995,col,che,711,22273556.0,1122.0
1995,col,cze,711,7189926.0,1578366.0
1995,col,deu,711,695291886.0,13000.0
1995,col,dnk,711,37508968.0,0.0
1995,col,esp,711,66386154.0,0.0
1995,col,est,711,1517290.0,0.0
1995,col,fin,711,41494372.0,0.0
1995,col,fra,711,113714911.0,0.0
1995,col,gbr,711,43083183.0,0.0
1995,col,gib,711,39272.0,0.0
1995,col,grc,711,640165.0,0.0
1995,col,hrv,711,7937438.0,0.0
1995,col,hun,711,850027.0,0.0
1995,col,irl,711,944475.0,0.0
1995,col,isl,711,1210405.0,0.0
1995,col,ita,711,61089694.0,0.0
1995,col,ltu,711,364027.0,0.0
1995,col,lva,711,4178.0,0.0
1995,col,mkd,711,68222.0,0.0
1995,col,mlt,711,11404.0,0.0
1995,col,nld,711,90977775.0,19960.0
1995,col,nor,711,27968116.0,0.0
1995,col,pol,711,13040413.0,0.0
1995,col,prt,711,2297880.0,0.0
1995,col,rou,711,94364.0,0.0
1995,col,rus,711,589326.0,0.0
1995,col,svk,711,2906088.0,0.0
1995,col,svn,711,3284112.0,0.0
1995,col,swe,711,70685215.0,0.0
1995,col,ukr,711,45576.0,0.0
1995,col,abw,711,4364.0,0.0
1995,col,can,711,80483013.0,0.0
1995,col,gtm,711,2263.0,0.0
1995,col,mex,711,96509.0,12000.0
1995,col,usa,711,484492149.0,1651.0
1995,col,aus,711,4117777.0,0.0
1995,col,glp,711,134441.0,0.0
1995,col,nzl,711,1384517.0,0.0
1995,col,arg,711,6384980.0,0.0
1995,col,chl,711,953569.0,0.0
1995,col,ecu,711,535305.0,23887.0
1995,col,sur,711,9593.0,0.0
1995,col,ury,711,112423.0,0.0
1996,col,dza,711,9740.0,0.0
1996,col,egy,711,137102.0,0.0
1996,col,gab,711,9159.0,0.0
1996,col,mar,711,451975.0,0.0
1996,col,zaf,711,1613558.0,0.0
1996,col,chn,711,138317.0,0.0
1996,col,hkg,711,138245.0,0.0
1996,col,isr,711,1935054.0,0.0
1996,col,jpn,711,192211168.0,0.0
1996,col,kor,711,18952026.0,0.0
1996,col,kwt,711,1458.0,0.0
1996,col,lbn,711,87815.0,0.0
1996,col,mac,711,15020.0,0.0
1996,col,mys,711,33795.0,0.0
1996,col,sau,711,95804.0,0.0
1996,col,sgp,711,649467.0,0.0
1996,col,syr,711,353500.0,0.0
1996,col,alb,711,21520.0,0.0
1996,col,and,711,71756.0,0.0
1996,col,aut,711,15707104.0,0.0
1996,col,bel,711,25501042.0,0.0
1996,col,bgr,711,5112.0,0.0
1996,col,che,711,19958090.0,0.0
1996,col,cze,711,4327269.0,0.0
1996,col,deu,711,371895753.0,0.0
1996,col,dnk,711,33176008.0,0.0
1996,col,esp,711,54341719.0,0.0
1996,col,est,711,2883820.0,0.0
1996,col,fin,711,38339030.0,0.0
1996,col,fra,711,92460596.0,0.0
1996,col,gbr,711,44319628.0,0.0
1996,col,gib,711,51412.0,0.0
1996,col,grc,711,1255780.0,0.0
1996,col,hrv,711,5721737.0,0.0
1996,col,hun,711,203773.0,0.0
1996,col,irl,711,947086.0,0.0
1996,col,isl,711,916159.0,0.0
1996,col,ita,711,52352274.0,2844.0
1996,col,ltu,711,77333.0,0.0
1996,col,lva,711,1560.0,0.0
1996,col,mkd,711,111647.0,0.0
1996,col,mlt,711,10244.0,0.0
1996,col,nld,711,77294492.0,733.0
1996,col,nor,711,22957985.0,0.0
1996,col,pol,711,18832589.0,0.0
1996,col,prt,711,3199843.0,0.0
1996,col,rou,711,154303.0,0.0
1996,col,rus,711,639130.0,0.0
1996,col,scg,711,53521.0,0.0
1996,col,svk,711,1899713.0,0.0
1996,col,svn,711,3268825.0,0.0
1996,col,swe,711,51664910.0,0.0
1996,col,ukr,711,319911.0,0.0
1996,col,abw,711,17369.0,0.0
1996,col,ant,711,8916.0,0.0
1996,col,can,711,73575602.0,0.0
1996,col,gtm,711,10231.0,0.0
1996,col,mex,711,204080.0,9218.0
1996,col,usa,711,461469483.0,0.0
1996,col,aus,711,3507090.0,0.0
1996,col,nzl,711,1439738.0,0.0
1996,col,pyf,711,180762.0,0.0
1996,col,arg,711,7624160.0,0.0
1996,col,chl,711,1771108.0,0.0
1996,col,ecu,711,2621.0,0.0
1996,col,sur,711,2399.0,0.0
1996,col,ury,711,73267.0,0.0
1996,col,ven,711,0.0,1391.0
1997,col,egy,711,38092.0,0.0
1997,col,gab,711,9998.0,0.0
1997,col,mar,711,1278916.0,0.0
1997,col,mus,711,4776.0,0.0
1997,col,zaf,711,2126669.0,0.0
1997,col,are,711,92014.0,0.0
1997,col,chn,711,3289305.0,0.0
1997,col,hkg,711,1421254.0,0.0
1997,col,isr,711,3169384.0,0.0
1997,col,jor,711,93360.0,0.0
1997,col,jpn,711,199258894.0,0.0
1997,col,kor,711,16631309.0,0.0
1997,col,lbn,711,583222.0,0.0
1997,col,mac,711,45317.0,0.0
1997,col,mys,711,110627.0,0.0
1997,col,qat,711,2530.0,0.0
1997,col,sau,711,3595.0,0.0
1997,col,sgp,711,749149.0,0.0
1997,col,syr,711,1258575.0,0.0
1997,col,tha,711,9345.0,0.0
1997,col,tur,711,60474.0,0.0
1997,col,and,711,69280.0,0.0
1997,col,aut,711,41286471.0,0.0
1997,col,bel,711,82729003.0,0.0
1997,col,bgr,711,5572.0,0.0
1997,col,blr,711,570573.0,0.0
1997,col,che,711,21115967.0,0.0
1997,col,cze,711,5663034.0,0.0
1997,col,deu,711,395036016.0,0.0
1997,col,dnk,711,34193063.0,0.0
1997,col,esp,711,61111767.0,0.0
1997,col,est,711,1021977.0,0.0
1997,col,fin,711,41779972.0,0.0
1997,col,fra,711,125859712.0,0.0
1997,col,gbr,711,42500789.0,0.0
1997,col,gib,711,31682.0,0.0
1997,col,grc,711,1590738.0,0.0
1997,col,hrv,711,4278743.0,0.0
1997,col,hun,711,1615988.0,0.0
1997,col,irl,711,1447789.0,0.0
1997,col,isl,711,821150.0,0.0
1997,col,ita,711,46049135.0,8294.0
1997,col,mlt,711,21638.0,0.0
1997,col,nld,711,45541406.0,0.0
1997,col,nor,711,29174628.0,0.0
1997,col,pol,711,13336804.0,0.0
1997,col,prt,711,4759553.0,0.0
1997,col,rou,711,352656.0,0.0
1997,col,rus,711,858201.0,0.0
1997,col,scg,711,326322.0,0.0
1997,col,svk,711,1732750.0,0.0
1997,col,svn,711,3675130.0,0.0
1997,col,swe,711,67118813.0,0.0
1997,col,ukr,711,291176.0,0.0
1997,col,abw,711,16811.0,10760.0
1997,col,ant,711,2790.0,0.0
1997,col,bhs,711,144167.0,0.0
1997,col,can,711,89403040.0,0.0
1997,col,cri,711,161233.0,0.0
1997,col,mex,711,467603.0,0.0
1997,col,pan,711,155255.0,0.0
1997,col,usa,711,622331412.0,821.0
1997,col,aus,711,4514659.0,0.0
1997,col,nzl,711,1558046.0,0.0
1997,col,pyf,711,198499.0,0.0
1997,col,arg,711,6953858.0,0.0
1997,col,bra,711,20517.0,0.0
1997,col,chl,711,3208419.0,0.0
1997,col,per,711,68287.0,0.0
1997,col,ury,711,46794.0,0.0
1998,col,mar,711,1417000.0,0.0
1998,col,zaf,711,2358000.0,0.0
1998,col,chn,711,3650000.0,0.0
1998,col,hkg,711,1578000.0,0.0
1998,col,isr,711,3525000.0,0.0
1998,col,jpn,711,221119000.0,0.0
1998,col,kor,711,18457000.0,0.0
1998,col,lbn,711,495000.0,0.0
1998,col,mys,711,123000.0,0.0
1998,col,sgp,711,832000.0,0.0
1998,col,syr,711,1259000.0,0.0
1998,col,twn,711,1814000.0,0.0
1998,col,aut,711,45835000.0,0.0
1998,col,blx,711,91756000.0,0.0
1998,col,che,711,23437000.0,0.0
1998,col,cze,711,6286000.0,0.0
1998,col,deu,711,437917000.0,0.0
1998,col,dnk,711,38547000.0,0.0
1998,col,esp,711,67715000.0,0.0
1998,col,fin,711,46322000.0,0.0
1998,col,fra,711,139489000.0,0.0
1998,col,gbr,711,47295000.0,0.0
1998,col,grc,711,1764000.0,0.0
1998,col,hun,711,1819000.0,0.0
1998,col,irl,711,1604000.0,0.0
1998,col,isl,711,380000.0,0.0
1998,col,ita,711,51046000.0,0.0
1998,col,nld,711,50503000.0,0.0
1998,col,nor,711,32339000.0,0.0
1998,col,pol,711,14963000.0,0.0
1998,col,prt,711,5273000.0,0.0
1998,col,rou,711,391000.0,0.0
1998,col,rus,711,952000.0,0.0
1998,col,svk,711,1924000.0,0.0
1998,col,svn,711,4074000.0,0.0
1998,col,swe,711,74409000.0,0.0
1998,col,bhs,711,144000.0,0.0
1998,col,can,711,98875000.0,0.0
1998,col,mex,711,516000.0,0.0
1998,col,pan,711,122000.0,0.0
1998,col,usa,711,688088000.0,0.0
1998,col,aus,711,5010000.0,0.0
1998,col,nzl,711,1728000.0,0.0
1998,col,arg,711,7692000.0,0.0
1998,col,chl,711,3548000.0,0.0
1999,col,civ,711,34973.0,0.0
1999,col,egy,711,43610.0,0.0
1999,col,gab,711,2322.0,0.0
1999,col,mar,711,1001289.0,0.0
1999,col,mus,711,17663.0,0.0
1999,col,tun,711,113361.0,0.0
1999,col,zaf,711,487561.0,0.0
1999,col,are,711,73634.0,0.0
1999,col,chn,711,1573706.0,0.0
1999,col,cyp,711,10676.0,0.0
1999,col,geo,711,43608.0,0.0
1999,col,hkg,711,943393.0,0.0
1999,col,idn,711,1922.0,0.0
1999,col,isr,711,3135886.0,0.0
1999,col,jpn,711,157503089.0,0.0
1999,col,kor,711,16360901.0,0.0
1999,col,kwt,711,61222.0,0.0
1999,col,lbn,711,509458.0,0.0
1999,col,mac,711,27114.0,0.0
1999,col,mys,711,23839.0,0.0
1999,col,qat,711,571.0,0.0
1999,col,sau,711,96332.0,0.0
1999,col,sgp,711,766131.0,0.0
1999,col,syr,711,743485.0,0.0
1999,col,tha,711,7453.0,0.0
1999,col,and,711,69220.0,0.0
1999,col,aut,711,10511214.0,0.0
1999,col,bel,711,43826930.0,0.0
1999,col,bgr,711,38510.0,0.0
1999,col,blr,711,1084576.0,0.0
1999,col,che,711,14779304.0,0.0
1999,col,cze,711,2091270.0,0.0
1999,col,deu,711,233336579.0,0.0
1999,col,dnk,711,20964836.0,0.0
1999,col,esp,711,40982300.0,0.0
1999,col,est,711,133110.0,0.0
1999,col,fin,711,27780296.0,31074.0
1999,col,fra,711,71473815.0,0.0
1999,col,gbr,711,27444240.0,0.0
1999,col,gib,711,28272.0,0.0
1999,col,grc,711,735278.0,0.0
1999,col,hrv,711,3547133.0,0.0
1999,col,hun,711,2690503.0,0.0
1999,col,irl,711,990600.0,0.0
1999,col,isl,711,656611.0,0.0
1999,col,ita,711,33110042.0,28513.0
1999,col,mkd,711,26336.0,0.0
1999,col,mlt,711,915.0,0.0
1999,col,nld,711,33959026.0,0.0
1999,col,nor,711,19764033.0,0.0
1999,col,pol,711,8528057.0,0.0
1999,col,prt,711,3203576.0,0.0
1999,col,rou,711,1525332.0,0.0
1999,col,rus,711,647605.0,0.0
1999,col,svk,711,335579.0,0.0
1999,col,svn,711,2827929.0,0.0
1999,col,swe,711,36258152.0,0.0
1999,col,ukr,711,386645.0,0.0
1999,col,abw,711,11534.0,0.0
1999,col,ant,711,2489.0,0.0
1999,col,can,711,66302380.0,0.0
1999,col,cri,711,79356.0,0.0
1999,col,mex,711,211397.0,349023.0
1999,col,pan,711,149945.0,0.0
1999,col,tto,711,32665.0,0.0
1999,col,usa,711,470104673.0,0.0
1999,col,aus,711,3940866.0,0.0
1999,col,ncl,711,23171.0,0.0
1999,col,nzl,711,1376048.0,0.0
1999,col,pyf,711,154523.0,0.0
1999,col,arg,711,4420746.0,0.0
1999,col,bra,711,3549.0,0.0
1999,col,chl,711,2128007.0,0.0
1999,col,per,711,7666.0,0.0
1999,col,sur,711,3060.0,0.0
1999,col,ury,711,39099.0,0.0
1999,col,ven,711,2775.0,0.0
2000,col,egy,711,86286.0,0.0
2000,col,gab,711,4555.0,0.0
2000,col,mar,711,657277.0,0.0
2000,col,myt,711,5357.0,0.0
2000,col,tun,711,21244.0,0.0
2000,col,zaf,711,688119.0,0.0
2000,col,are,711,76349.0,0.0
2000,col,chn,711,121815.0,0.0
2000,col,cyp,711,49813.0,0.0
2000,col,hkg,711,1155761.0,0.0
2000,col,isr,711,2580622.0,0.0
2000,col,jpn,711,161618049.0,0.0
2000,col,kaz,711,2335.0,0.0
2000,col,kor,711,15266005.0,0.0
2000,col,kwt,711,25700.0,0.0
2000,col,lbn,711,294190.0,0.0
2000,col,mac,711,37631.0,0.0
2000,col,mys,711,161415.0,0.0
2000,col,qat,711,3151.0,0.0
2000,col,sau,711,96731.0,0.0
2000,col,sgp,711,420036.0,0.0
2000,col,syr,711,1040079.0,0.0
2000,col,tha,711,9719.0,0.0
2000,col,tur,711,40030.0,0.0
2000,col,alb,711,16859.0,0.0
2000,col,and,711,34414.0,0.0
2000,col,aut,711,9558637.0,0.0
2000,col,bel,711,36154528.0,0.0
2000,col,bgr,711,13910.0,0.0
2000,col,blr,711,43605.0,0.0
2000,col,che,711,15541516.0,0.0
2000,col,cze,711,2248913.0,0.0
2000,col,deu,711,171071706.0,0.0
2000,col,dnk,711,13776938.0,0.0
2000,col,esp,711,34090789.0,1203.0
2000,col,est,711,2533.0,0.0
2000,col,fin,711,14220614.0,0.0
2000,col,fra,711,45328701.0,279.0
2000,col,gbr,711,22454151.0,0.0
2000,col,gib,711,51633.0,0.0
2000,col,grc,711,1237721.0,0.0
2000,col,hrv,711,2536723.0,0.0
2000,col,hun,711,2472938.0,0.0
2000,col,irl,711,1519603.0,0.0
2000,col,isl,711,386155.0,0.0
2000,col,ita,711,27647211.0,21492.0
2000,col,ltu,711,640981.0,0.0
2000,col,lva,711,14103.0,0.0
2000,col,mkd,711,21181.0,0.0
2000,col,nld,711,24618977.0,0.0
2000,col,nor,711,11720394.0,0.0
2000,col,pol,711,9265209.0,382000.0
2000,col,prt,711,2983876.0,0.0
2000,col,rou,711,1325659.0,0.0
2000,col,rus,711,317927.0,0.0
2000,col,scg,711,191039.0,0.0
2000,col,svk,711,60653.0,0.0
2000,col,svn,711,2091648.0,0.0
2000,col,swe,711,24947512.0,0.0
2000,col,ukr,711,201735.0,0.0
2000,col,abw,711,74803.0,0.0
2000,col,ant,711,2310.0,0.0
2000,col,can,711,66715324.0,0.0
2000,col,cri,711,182047.0,0.0
2000,col,gtm,711,4000.0,64853.0
2000,col,jam,711,97050.0,0.0
2000,col,mex,711,770283.0,55.0
2000,col,pan,711,89893.0,0.0
2000,col,usa,711,409121276.0,3568.0
2000,col,aus,711,2917442.0,0.0
2000,col,fji,711,31441.0,0.0
2000,col,ncl,711,23437.0,0.0
2000,col,nzl,711,1595732.0,0.0
2000,col,pyf,711,207151.0,0.0
2000,col,arg,711,3509418.0,0.0
2000,col,bra,711,0.0,37620.0
2000,col,chl,711,2456874.0,0.0
2000,col,ecu,711,0.0,636895.0
2000,col,per,711,3338.0,91267.0
2000,col,ven,711,27472.0,0.0
2001,col,egy,711,65581.0,0.0
2001,col,gab,711,2758.0,0.0
2001,col,mar,711,775608.0,0.0
2001,col,myt,711,691.0,0.0
2001,col,zaf,711,737453.0,0.0
2001,col,are,711,297693.0,0.0
2001,col,bhr,711,28344.0,0.0
2001,col,chn,711,167462.0,0.0
2001,col,cyp,711,30075.0,0.0
2001,col,hkg,711,767697.0,0.0
2001,col,idn,711,30390.0,0.0
2001,col,isr,711,2450267.0,0.0
2001,col,jor,711,533313.0,0.0
2001,col,jpn,711,106398864.0,0.0
2001,col,kor,711,9960082.0,0.0
2001,col,lbn,711,428164.0,0.0
2001,col,mac,711,61018.0,0.0
2001,col,mys,711,161469.0,0.0
2001,col,qat,711,516.0,0.0
2001,col,sau,711,226597.0,0.0
2001,col,sgp,711,273841.0,0.0
2001,col,syr,711,554833.0,0.0
2001,col,tha,711,3191.0,0.0
2001,col,tur,711,5127.0,0.0
2001,col,alb,711,305900.0,0.0
2001,col,and,711,56477.0,0.0
2001,col,aut,711,12073043.0,0.0
2001,col,bel,711,29568979.0,0.0
2001,col,bgr,711,65646.0,0.0
2001,col,blr,711,19469.0,0.0
2001,col,che,711,13475642.0,36.0
2001,col,cze,711,1562710.0,0.0
2001,col,deu,711,142605593.0,0.0
2001,col,dnk,711,9560872.0,0.0
2001,col,esp,711,20866876.0,0.0
2001,col,est,711,4578.0,0.0
2001,col,fin,711,12899909.0,0.0
2001,col,fra,711,33559500.0,0.0
2001,col,gbr,711,17364860.0,0.0
2001,col,gib,711,18758.0,0.0
2001,col,grc,711,960871.0,0.0
2001,col,hrv,711,1265643.0,0.0
2001,col,hun,711,938803.0,0.0
2001,col,irl,711,1013869.0,0.0
2001,col,isl,711,189243.0,0.0
2001,col,ita,711,22481707.0,17636.0
2001,col,ltu,711,428494.0,0.0
2001,col,lux,711,7429.0,0.0
2001,col,lva,711,21650.0,0.0
2001,col,mkd,711,7904.0,0.0
2001,col,mlt,711,8435.0,0.0
2001,col,nld,711,18209029.0,0.0
2001,col,nor,711,11300112.0,0.0
2001,col,pol,711,4063087.0,0.0
2001,col,prt,711,2660058.0,0.0
2001,col,rou,711,2037657.0,0.0
2001,col,rus,711,551795.0,0.0
2001,col,scg,711,276879.0,0.0
2001,col,svk,711,122897.0,0.0
2001,col,svn,711,1862712.0,0.0
2001,col,swe,711,16654041.0,0.0
2001,col,ukr,711,390803.0,0.0
2001,col,abw,711,3210.0,0.0
2001,col,bhs,711,198116.0,0.0
2001,col,can,711,48764231.0,1590.0
2001,col,cri,711,129334.0,8609.0
2001,col,gtm,711,0.0,87046.0
2001,col,jam,711,83620.0,0.0
2001,col,mex,711,550532.0,70382.0
2001,col,pan,711,108954.0,0.0
2001,col,usa,711,289476101.0,128086.0
2001,col,aus,711,2473537.0,4828.0
2001,col,ncl,711,29408.0,0.0
2001,col,nzl,711,1317995.0,0.0
2001,col,pyf,711,213386.0,0.0
2001,col,wlf,711,656.0,0.0
2001,col,arg,711,1865825.0,0.0
2001,col,bra,711,0.0,1380853.0
2001,col,chl,711,1973860.0,0.0
2001,col,ecu,711,6112.0,311092.0
2001,col,per,711,149518.0,1781890.0
2001,col,ury,711,1916.0,0.0
2001,col,ven,711,115579.0,0.0
2002,col,dza,711,707.0,0.0
2002,col,egy,711,24822.0,0.0
2002,col,mar,711,882215.0,0.0
2002,col,myt,711,5180.0,0.0
2002,col,zaf,711,626029.0,0.0
2002,col,are,711,154234.0,0.0
2002,col,bhr,711,2615.0,0.0
2002,col,chn,711,261578.0,0.0
2002,col,cyp,711,188.0,0.0
2002,col,geo,711,694628.0,0.0
2002,col,hkg,711,650835.0,0.0
2002,col,idn,711,32718.0,0.0
2002,col,isr,711,2066625.0,0.0
2002,col,jor,711,466509.0,0.0
2002,col,jpn,711,125226285.0,0.0
2002,col,kor,711,8268836.0,0.0
2002,col,lbn,711,381757.0,0.0
2002,col,mac,711,77146.0,0.0
2002,col,mys,711,41261.0,0.0
2002,col,qat,711,5933.0,0.0
2002,col,sau,711,105659.0,0.0
2002,col,sgp,711,176153.0,0.0
2002,col,syr,711,818833.0,0.0
2002,col,tha,711,3647.0,0.0
2002,col,tur,711,117509.0,0.0
2002,col,alb,711,203153.0,0.0
2002,col,and,711,29882.0,0.0
2002,col,aut,711,10979042.0,0.0
2002,col,bel,711,22966463.0,0.0
2002,col,bgr,711,144074.0,0.0
2002,col,blr,711,986.0,0.0
2002,col,che,711,10914807.0,0.0
2002,col,cze,711,1296114.0,0.0
2002,col,deu,711,117555781.0,0.0
2002,col,dnk,711,9074083.0,0.0
2002,col,esp,711,19883438.0,0.0
2002,col,est,711,3940.0,0.0
2002,col,fin,711,14411021.0,0.0
2002,col,fra,711,24969086.0,0.0
2002,col,gbr,711,21059842.0,0.0
2002,col,gib,711,21168.0,0.0
2002,col,grc,711,923737.0,0.0
2002,col,hrv,711,1161822.0,0.0
2002,col,hun,711,648045.0,0.0
2002,col,irl,711,1187695.0,0.0
2002,col,isl,711,69840.0,0.0
2002,col,ita,711,19699233.0,39761.0
2002,col,ltu,711,1645509.0,0.0
2002,col,lux,711,855.0,0.0
2002,col,mkd,711,14149.0,0.0
2002,col,mlt,711,5214.0,0.0
2002,col,nld,711,13863124.0,0.0
2002,col,nor,711,11654128.0,0.0
2002,col,pol,711,2948037.0,0.0
2002,col,prt,711,1410440.0,0.0
2002,col,rou,711,2630218.0,0.0
2002,col,rus,711,408444.0,0.0
2002,col,scg,711,270670.0,0.0
2002,col,svk,711,43035.0,0.0
2002,col,svn,711,1491173.0,0.0
2002,col,swe,711,19020889.0,0.0
2002,col,ukr,711,402150.0,0.0
2002,col,abw,711,13860.0,0.0
2002,col,ant,711,13984.0,0.0
2002,col,can,711,49606047.0,0.0
2002,col,cri,711,134511.0,0.0
2002,col,dom,711,0.0,2990.0
2002,col,jam,711,109237.0,0.0
2002,col,mex,711,12457.0,0.0
2002,col,nic,711,18.0,0.0
2002,col,pan,711,8714.0,0.0
2002,col,usa,711,301419348.0,26382.0
2002,col,aus,711,2404952.0,0.0
2002,col,ncl,711,19521.0,0.0
2002,col,nzl,711,1316176.0,0.0
2002,col,pyf,711,193121.0,0.0
2002,col,arg,711,801009.0,0.0
2002,col,bra,711,0.0,2652150.0
2002,col,chl,711,1358723.0,0.0
2002,col,ecu,711,28149.0,0.0
2002,col,per,711,116658.0,1592533.0
2002,col,ury,711,22448.0,0.0
2002,col,ven,711,284842.0,28.0
2003,col,dza,711,111675.0,0.0
2003,col,egy,711,50347.0,0.0
2003,col,mar,711,1192393.0,0.0
2003,col,zaf,711,752024.0,0.0
2003,col,are,711,148462.0,0.0
2003,col,chn,711,427078.0,0.0
2003,col,cyp,711,27195.0,0.0
2003,col,hkg,711,343165.0,0.0
2003,col,idn,711,644.0,27648.0
2003,col,isr,711,2732268.0,0.0
2003,col,jor,711,289696.0,0.0
2003,col,jpn,711,110762050.0,0.0
2003,col,kaz,711,6017.0,0.0
2003,col,kor,711,9242160.0,0.0
2003,col,lbn,711,357630.0,0.0
2003,col,mac,711,71466.0,0.0
2003,col,mys,711,11690.0,0.0
2003,col,prk,711,693777.0,0.0
2003,col,sau,711,55848.0,0.0
2003,col,sgp,711,331355.0,0.0
2003,col,syr,711,616015.0,0.0
2003,col,tha,711,1134.0,0.0
2003,col,tur,711,49843.0,0.0
2003,col,and,711,34802.0,0.0
2003,col,aut,711,11447563.0,0.0
2003,col,bel,711,24054770.0,0.0
2003,col,bgr,711,250320.0,0.0
2003,col,bih,711,41976.0,0.0
2003,col,blr,711,2340.0,0.0
2003,col,che,711,10353687.0,0.0
2003,col,cze,711,1167910.0,0.0
2003,col,deu,711,128542542.0,0.0
2003,col,dnk,711,9232178.0,0.0
2003,col,esp,711,24125096.0,0.0
2003,col,est,711,238094.0,0.0
2003,col,fin,711,14812050.0,0.0
2003,col,fra,711,24571986.0,0.0
2003,col,gbr,711,21086415.0,0.0
2003,col,gib,711,40075.0,0.0
2003,col,grc,711,1076791.0,0.0
2003,col,hrv,711,1036266.0,0.0
2003,col,hun,711,641434.0,0.0
2003,col,irl,711,1056660.0,0.0
2003,col,isl,711,299948.0,0.0
2003,col,ita,711,20692868.0,28485.0
2003,col,ltu,711,2957621.0,0.0
2003,col,mkd,711,11039.0,0.0
2003,col,mlt,711,4802.0,0.0
2003,col,nld,711,19404859.0,0.0
2003,col,nor,711,13201923.0,0.0
2003,col,pol,711,3328662.0,0.0
2003,col,prt,711,1949032.0,0.0
2003,col,rou,711,4150098.0,0.0
2003,col,rus,711,724022.0,0.0
2003,col,svk,711,51106.0,0.0
2003,col,svn,711,1359305.0,0.0
2003,col,swe,711,21970985.0,0.0
2003,col,ukr,711,556168.0,0.0
2003,col,abw,711,9496.0,0.0
2003,col,ant,711,1092954.0,0.0
2003,col,can,711,53526304.0,0.0
2003,col,cri,711,84913.0,0.0
2003,col,dom,711,0.0,1686.0
2003,col,jam,711,6890.0,0.0
2003,col,mex,711,21057.0,0.0
2003,col,pan,711,130545.0,0.0
2003,col,usa,711,343930073.0,331.0
2003,col,aus,711,3053211.0,0.0
2003,col,ncl,711,6673.0,0.0
2003,col,nzl,711,1291101.0,0.0
2003,col,pyf,711,62505.0,0.0
2003,col,arg,711,878516.0,0.0
2003,col,bra,711,0.0,893273.0
2003,col,chl,711,1359661.0,0.0
2003,col,col,711,7230.0,7230.0
2003,col,ecu,711,112742.0,0.0
2003,col,per,711,0.0,1428351.0
2003,col,ven,711,308661.0,0.0
2004,col,dza,711,326619.0,0.0
2004,col,egy,711,199935.0,0.0
2004,col,mar,711,1063511.0,0.0
2004,col,zaf,711,954687.0,0.0
2004,col,are,711,281060.0,0.0
2004,col,bhr,711,33931.0,0.0
2004,col,chn,711,544147.0,0.0
2004,col,cyp,711,44573.0,0.0
2004,col,hkg,711,633284.0,0.0
2004,col,idn,711,6808.0,0.0
2004,col,isr,711,4521277.0,0.0
2004,col,jor,711,152207.0,0.0
2004,col,jpn,711,146380642.0,0.0
2004,col,kaz,711,12409.0,0.0
2004,col,kor,711,13732429.0,0.0
2004,col,lbn,711,461808.0,473.0
2004,col,mac,711,71980.0,0.0
2004,col,mys,711,25008.0,0.0
2004,col,qat,711,941.0,0.0
2004,col,sau,711,179884.0,0.0
2004,col,sgp,711,254619.0,0.0
2004,col,syr,711,840478.0,0.0
2004,col,tha,711,7415.0,0.0
2004,col,tur,711,74715.0,0.0
2004,col,alb,711,7272.0,0.0
2004,col,and,711,70566.0,0.0
2004,col,aut,711,10705332.0,0.0
2004,col,bel,711,29849160.0,0.0
2004,col,bgr,711,394360.0,0.0
2004,col,bih,711,42407.0,0.0
2004,col,blr,711,13685.0,0.0
2004,col,che,711,12175636.0,0.0
2004,col,cze,711,1375429.0,0.0
2004,col,deu,711,123782810.0,5000.0
2004,col,dnk,711,10356289.0,0.0
2004,col,esp,711,23308585.0,0.0
2004,col,est,711,68808.0,0.0
2004,col,fin,711,18292962.0,0.0
2004,col,fra,711,23231119.0,0.0
2004,col,gbr,711,21868516.0,45814.0
2004,col,grc,711,1100904.0,0.0
2004,col,hrv,711,993208.0,0.0
2004,col,hun,711,155104.0,0.0
2004,col,irl,711,1611531.0,0.0
2004,col,isl,711,244476.0,0.0
2004,col,ita,711,23151305.0,50141.0
2004,col,ltu,711,6300.0,0.0
2004,col,mda,711,3993.0,0.0
2004,col,mkd,711,34356.0,0.0
2004,col,nld,711,19392269.0,4976.0
2004,col,nor,711,15854551.0,0.0
2004,col,pol,711,4100776.0,0.0
2004,col,prt,711,1872024.0,0.0
2004,col,rou,711,5510103.0,0.0
2004,col,rus,711,2498590.0,0.0
2004,col,scg,711,511495.0,0.0
2004,col,svk,711,58059.0,0.0
2004,col,svn,711,1338244.0,0.0
2004,col,swe,711,24559850.0,0.0
2004,col,ukr,711,570168.0,0.0
2004,col,abw,711,8375.0,0.0
2004,col,ant,711,10432.0,0.0
2004,col,can,711,60378881.0,0.0
2004,col,cri,711,11885.0,0.0
2004,col,dom,711,264.0,730.0
2004,col,grl,711,698.0,0.0
2004,col,hti,711,7010.0,0.0
2004,col,mex,711,678440.0,0.0
2004,col,pan,711,22.0,0.0
2004,col,usa,711,365036176.0,120.0
2004,col,aus,711,3092784.0,0.0
2004,col,ncl,711,15701.0,0.0
2004,col,nzl,711,1588094.0,0.0
2004,col,pyf,711,96743.0,0.0
2004,col,arg,711,951103.0,10.0
2004,col,bra,711,70.0,0.0
2004,col,chl,711,1045606.0,0.0
2004,col,ecu,711,93105.0,2656201.0
2004,col,per,711,4441.0,2088852.0
2004,col,pry,711,7000.0,0.0
2004,col,ven,711,593929.0,5516.0
2005,col,dza,711,7144.0,0.0
2005,col,mar,711,1772588.0,0.0
2005,col,tun,711,8784.0,0.0
2005,col,zaf,711,1204590.0,0.0
2005,col,are,711,304026.0,0.0
2005,col,bhr,711,17601.0,0.0
2005,col,chn,711,1116533.0,0.0
2005,col,hkg,711,452539.0,0.0
2005,col,idn,711,9261.0,274220.0
2005,col,isr,711,2578053.0,0.0
2005,col,jor,711,250397.0,0.0
2005,col,jpn,711,214747561.0,0.0
2005,col,kaz,711,4737.0,0.0
2005,col,kor,711,24552565.0,0.0
2005,col,lbn,711,810981.0,704.0
2005,col,mac,711,235445.0,0.0
2005,col,mys,711,5521.0,0.0
2005,col,omn,711,42660.0,0.0
2005,col,prk,711,55166.0,0.0
2005,col,pse,711,109134.0,0.0
2005,col,qat,711,2981.0,0.0
2005,col,sau,711,407482.0,0.0
2005,col,sgp,711,417086.0,0.0
2005,col,syr,711,1653471.0,0.0
2005,col,tha,711,3911.0,0.0
2005,col,tur,711,117191.0,0.0
2005,col,vnm,711,0.0,356488.0
2005,col,alb,711,84402.0,0.0
2005,col,aut,711,6992261.0,0.0
2005,col,bel,711,34362835.0,0.0
2005,col,bgr,711,746217.0,0.0
2005,col,bih,711,111342.0,0.0
2005,col,blr,711,44509.0,0.0
2005,col,che,711,21977411.0,161.0
2005,col,cze,711,2762881.0,0.0
2005,col,deu,711,188397235.0,2000.0
2005,col,dnk,711,9378645.0,0.0
2005,col,esp,711,32718614.0,0.0
2005,col,est,711,16043.0,0.0
2005,col,fin,711,24950012.0,0.0
2005,col,fra,711,27171708.0,0.0
2005,col,gbr,711,37105834.0,13733.0
2005,col,gib,711,63550.0,0.0
2005,col,grc,711,1490233.0,0.0
2005,col,hrv,711,1648335.0,0.0
2005,col,hun,711,520633.0,0.0
2005,col,irl,711,2119438.0,0.0
2005,col,isl,711,681945.0,0.0
2005,col,ita,711,46387880.0,74535.0
2005,col,ltu,711,8416.0,0.0
2005,col,lva,711,48637.0,0.0
2005,col,mda,711,3.0,0.0
2005,col,mkd,711,35179.0,0.0
2005,col,nld,711,22953977.0,0.0
2005,col,nor,711,19362864.0,0.0
2005,col,pol,711,9271279.0,0.0
2005,col,prt,711,2563084.0,0.0
2005,col,rou,711,6967747.0,0.0
2005,col,rus,711,3217341.0,0.0
2005,col,scg,711,264024.0,0.0
2005,col,svk,711,29503.0,0.0
2005,col,svn,711,1962024.0,0.0
2005,col,swe,711,39238828.0,0.0
2005,col,ukr,711,746836.0,0.0
2005,col,abw,711,25477.0,0.0
2005,col,ant,711,209543.0,0.0
2005,col,brb,711,2374.0,0.0
2005,col,can,711,92918923.0,0.0
2005,col,cri,711,3770.0,0.0
2005,col,dma,711,2454.0,0.0
2005,col,dom,711,25160.0,676.0
2005,col,grd,711,2700.0,0.0
2005,col,grl,711,32.0,0.0
2005,col,mex,711,1105321.0,51131.0
2005,col,pan,711,6622.0,0.0
2005,col,slv,711,19.0,0.0
2005,col,tto,711,2.0,0.0
2005,col,usa,711,565969381.0,54.0
2005,col,asm,711,87085.0,0.0
2005,col,aus,711,6428900.0,0.0
2005,col,ncl,711,25257.0,0.0
2005,col,nzl,711,2378178.0,0.0
2005,col,pcn,711,0.0,116544.0
2005,col,pyf,711,115693.0,0.0
2005,col,arg,711,1029839.0,0.0
2005,col,bol,711,29.0,0.0
2005,col,bra,711,0.0,18.0
2005,col,chl,711,881883.0,0.0
2005,col,col,711,1046.0,1046.0
2005,col,ecu,711,276262.0,15439027.0
2005,col,per,711,13449.0,6891081.0
2005,col,sur,711,8220.0,0.0
2005,col,ury,711,2797.0,0.0
2005,col,ven,711,588252.0,1156.0
2006,col,dza,711,25802.0,0.0
2006,col,egy,711,50906.0,0.0
2006,col,mar,711,2008917.0,0.0
2006,col,mus,711,42282.0,0.0
2006,col,tun,711,61628.0,0.0
2006,col,zaf,711,1326400.0,3842.0
2006,col,are,711,390607.0,0.0
2006,col,chn,711,1436201.0,0.0
2006,col,geo,711,46078.0,0.0
2006,col,hkg,711,445678.0,0.0
2006,col,idn,711,190117.0,0.0
2006,col,ind,711,43425.0,0.0
2006,col,irn,711,48806.0,0.0
2006,col,isr,711,2864343.0,0.0
2006,col,jor,711,514620.0,0.0
2006,col,jpn,711,203640828.0,23661.0
2006,col,kaz,711,6349.0,0.0
2006,col,kor,711,23050120.0,0.0
2006,col,kwt,711,2366.0,0.0
2006,col,lbn,711,518956.0,0.0
2006,col,mac,711,161245.0,0.0
2006,col,mng,711,2753.0,0.0
2006,col,mys,711,106153.0,0.0
2006,col,sau,711,221055.0,0.0
2006,col,sgp,711,450337.0,0.0
2006,col,syr,711,3145732.0,0.0
2006,col,tha,711,8933.0,0.0
2006,col,tur,711,114470.0,0.0
2006,col,vnm,711,47630.0,0.0
2006,col,alb,711,214625.0,0.0
2006,col,aut,711,8279327.0,0.0
2006,col,bel,711,40896106.0,0.0
2006,col,bgr,711,1245205.0,0.0
2006,col,bih,711,196232.0,0.0
2006,col,blr,711,57171.0,0.0
2006,col,che,711,27891066.0,1423.0
2006,col,cze,711,3357657.0,0.0
2006,col,deu,711,204874230.0,153.0
2006,col,dnk,711,9548476.0,0.0
2006,col,esp,711,42215203.0,0.0
2006,col,est,711,11953.0,0.0
2006,col,fin,711,32159878.0,0.0
2006,col,fra,711,32810734.0,7532.0
2006,col,fro,711,255.0,0.0
2006,col,gbr,711,53837537.0,0.0
2006,col,gib,711,33375.0,0.0
2006,col,grc,711,1314954.0,0.0
2006,col,hrv,711,1879713.0,0.0
2006,col,hun,711,279714.0,0.0
2006,col,irl,711,1976132.0,0.0
2006,col,isl,711,704108.0,0.0
2006,col,ita,711,53682833.0,108238.0
2006,col,ltu,711,3056.0,0.0
2006,col,mda,711,14525.0,0.0
2006,col,mkd,711,40072.0,0.0
2006,col,mne,711,50496.0,0.0
2006,col,nld,711,24954923.0,0.0
2006,col,nor,711,20200669.0,0.0
2006,col,pol,711,7619892.0,0.0
2006,col,prt,711,3662249.0,0.0
2006,col,rou,711,6162494.0,0.0
2006,col,rus,711,6431699.0,0.0
2006,col,srb,711,348532.0,0.0
2006,col,svn,711,1511851.0,0.0
2006,col,swe,711,42206349.0,0.0
2006,col,ukr,711,747056.0,0.0
2006,col,abw,711,27335.0,0.0
2006,col,ant,711,141036.0,0.0
2006,col,atg,711,946.0,0.0
2006,col,brb,711,13701.0,0.0
2006,col,can,711,93090275.0,0.0
2006,col,cri,711,367.0,0.0
2006,col,dom,711,50507.0,869.0
2006,col,grl,711,250.0,0.0
2006,col,gtm,711,261.0,0.0
2006,col,jam,711,51269.0,0.0
2006,col,mex,711,1231690.0,0.0
2006,col,pan,711,6059.0,0.0
2006,col,slv,711,103.0,0.0
2006,col,usa,711,558559939.0,185379.0
2006,col,aus,711,6542124.0,0.0
2006,col,ncl,711,26114.0,0.0
2006,col,nzl,711,2562793.0,0.0
2006,col,pyf,711,86286.0,0.0
2006,col,arg,711,1187644.0,0.0
2006,col,bol,711,530.0,0.0
2006,col,bra,711,10.0,0.0
2006,col,chl,711,1123562.0,0.0
2006,col,ecu,711,153206.0,15730365.0
2006,col,per,711,29817.0,9100227.0
2006,col,ven,711,897357.0,0.0
2007,col,dza,711,7105.0,0.0
2007,col,egy,711,139366.0,0.0
2007,col,mar,711,1686343.0,0.0
2007,col,mdg,711,106184.0,0.0
2007,col,mus,711,48228.0,0.0
2007,col,tun,711,73458.0,0.0
2007,col,zaf,711,1171294.0,0.0
2007,col,are,711,355868.0,0.0
2007,col,bhr,711,2229.0,0.0
2007,col,chn,711,1341584.0,0.0
2007,col,hkg,711,479066.0,0.0
2007,col,idn,711,16495.0,0.0
2007,col,isr,711,3448648.0,0.0
2007,col,jor,711,856282.0,0.0
2007,col,jpn,711,190278279.0,0.0
2007,col,kaz,711,1841.0,0.0
2007,col,kor,711,27805169.0,0.0
2007,col,kwt,711,5462.0,0.0
2007,col,lbn,711,890638.0,0.0
2007,col,mac,711,211109.0,0.0
2007,col,mys,711,84308.0,0.0
2007,col,qat,711,20949.0,0.0
2007,col,sau,711,340653.0,0.0
2007,col,sgp,711,445010.0,0.0
2007,col,syr,711,2220761.0,0.0
2007,col,tha,711,35611.0,0.0
2007,col,tur,711,244681.0,0.0
2007,col,alb,711,293794.0,0.0
2007,col,aut,711,10611023.0,0.0
2007,col,bel,711,47627011.0,0.0
2007,col,bgr,711,1279556.0,0.0
2007,col,bih,711,191225.0,0.0
2007,col,blr,711,70490.0,0.0
2007,col,che,711,35490211.0,592.0
2007,col,cze,711,3212052.0,0.0
2007,col,deu,711,217676380.0,5000.0
2007,col,dnk,711,7545313.0,0.0
2007,col,esp,711,50494062.0,4842.0
2007,col,est,711,1119270.0,0.0
2007,col,fin,711,38624493.0,0.0
2007,col,fra,711,43039765.0,0.0
2007,col,gbr,711,69784238.0,117392.0
2007,col,gib,711,76350.0,0.0
2007,col,grc,711,1261266.0,0.0
2007,col,hrv,711,1614844.0,0.0
2007,col,hun,711,458545.0,0.0
2007,col,irl,711,1741164.0,0.0
2007,col,isl,711,905208.0,0.0
2007,col,ita,711,59807472.0,99620.0
2007,col,ltu,711,6232.0,0.0
2007,col,lva,711,1288204.0,0.0
2007,col,mda,711,12083.0,0.0
2007,col,mkd,711,20511.0,0.0
2007,col,mne,711,36417.0,0.0
2007,col,nld,711,35168138.0,8237.0
2007,col,nor,711,26036115.0,0.0
2007,col,pol,711,7598752.0,0.0
2007,col,prt,711,6617288.0,0.0
2007,col,rou,711,6047394.0,0.0
2007,col,rus,711,9944751.0,0.0
2007,col,srb,711,282648.0,0.0
2007,col,svk,711,439578.0,0.0
2007,col,svn,711,2980553.0,0.0
2007,col,swe,711,46101237.0,0.0
2007,col,ukr,711,864134.0,0.0
2007,col,abw,711,16290.0,0.0
2007,col,ant,711,101997.0,0.0
2007,col,atg,711,3.0,0.0
2007,col,brb,711,13160.0,0.0
2007,col,can,711,95071068.0,0.0
2007,col,cri,711,48872.0,0.0
2007,col,cub,711,27.0,0.0
2007,col,dom,711,54504.0,0.0
2007,col,grd,711,6.0,0.0
2007,col,grl,711,988.0,0.0
2007,col,gtm,711,237.0,272.0
2007,col,mex,711,1333242.0,0.0
2007,col,pan,711,25779.0,0.0
2007,col,slv,711,146.0,0.0
2007,col,usa,711,628884351.0,88882.0
2007,col,aus,711,8312723.0,0.0
2007,col,ncl,711,32739.0,0.0
2007,col,nzl,711,2989591.0,0.0
2007,col,pyf,711,90323.0,0.0
2007,col,arg,711,1375269.0,0.0
2007,col,bol,711,18134.0,0.0
2007,col,chl,711,773549.0,0.0
2007,col,ecu,711,279144.0,6963955.0
2007,col,guy,711,5.0,0.0
2007,col,per,711,22935.0,4526270.0
2007,col,pry,711,7604.0,0.0
2007,col,sur,711,915.0,0.0
2007,col,ven,711,630776.0,0.0
2008,col,caf,711,66004.0,0.0
2008,col,dza,711,31315.0,0.0
2008,col,egy,711,291651.0,0.0
2008,col,mar,711,2583972.0,0.0
2008,col,mus,711,45745.0,0.0
2008,col,tun,711,212805.0,0.0
2008,col,zaf,711,4337917.0,0.0
2008,col,are,711,56068.0,0.0
2008,col,arm,711,103380.0,0.0
2008,col,bhr,711,184835.0,0.0
2008,col,chn,711,1558767.0,0.0
2008,col,hkg,711,1311897.0,0.0
2008,col,idn,711,118450.0,0.0
2008,col,ind,711,145222.0,0.0
2008,col,isr,711,13416106.0,0.0
2008,col,jor,711,1796730.0,0.0
2008,col,jpn,711,260960532.0,306.0
2008,col,kaz,711,5132.0,0.0
2008,col,kor,711,38050841.0,0.0
2008,col,kwt,711,402.0,0.0
2008,col,lbn,711,1317572.0,1098.0
2008,col,mac,711,496548.0,0.0
2008,col,mys,711,97466.0,0.0
2008,col,omn,711,56739.0,0.0
2008,col,prk,711,75514.0,0.0
2008,col,pse,711,55707.0,0.0
2008,col,qat,711,6505.0,0.0
2008,col,sau,711,378576.0,0.0
2008,col,sgp,711,685599.0,0.0
2008,col,syr,711,3707842.0,0.0
2008,col,tha,711,43229.0,0.0
2008,col,tur,711,379852.0,0.0
2008,col,alb,711,503820.0,0.0
2008,col,aut,711,11364669.0,0.0
2008,col,bel,711,87598808.0,24120.0
2008,col,bgr,711,3099552.0,0.0
2008,col,bih,711,185388.0,0.0
2008,col,blr,711,85233.0,0.0
2008,col,che,711,46420852.0,86.0
2008,col,cze,711,2969870.0,0.0
2008,col,deu,711,233363739.0,10000.0
2008,col,dnk,711,7625432.0,0.0
2008,col,esp,711,59459579.0,0.0
2008,col,est,711,1559479.0,0.0
2008,col,fin,711,41283657.0,0.0
2008,col,fra,711,49375601.0,0.0
2008,col,fro,711,1621.0,0.0
2008,col,gbr,711,73290371.0,0.0
2008,col,gib,711,45014.0,0.0
2008,col,grc,711,1706904.0,0.0
2008,col,hrv,711,1475683.0,0.0
2008,col,irl,711,915570.0,0.0
2008,col,isl,711,634477.0,0.0
2008,col,ita,711,69211212.0,130857.0
2008,col,ltu,711,7055.0,0.0
2008,col,lux,711,1784.0,0.0
2008,col,lva,711,889240.0,0.0
2008,col,mda,711,28147.0,0.0
2008,col,mkd,711,48279.0,0.0
2008,col,mne,711,21426.0,0.0
2008,col,nld,711,15593195.0,0.0
2008,col,nor,711,26084678.0,0.0
2008,col,pol,711,8368212.0,0.0
2008,col,prt,711,6144037.0,0.0
2008,col,rou,711,5994208.0,0.0
2008,col,rus,711,13880029.0,0.0
2008,col,srb,711,230906.0,0.0
2008,col,svk,711,1573591.0,0.0
2008,col,svn,711,2658801.0,0.0
2008,col,swe,711,49816257.0,0.0
2008,col,ukr,711,1095441.0,0.0
2008,col,abw,711,27024.0,0.0
2008,col,ant,711,130681.0,0.0
2008,col,brb,711,8.0,0.0
2008,col,can,711,115049534.0,0.0
2008,col,cri,711,10503.0,0.0
2008,col,dom,711,91811.0,0.0
2008,col,grd,711,3590.0,0.0
2008,col,gtm,711,303.0,0.0
2008,col,mex,711,1959075.0,10.0
2008,col,pan,711,33660.0,0.0
2008,col,usa,711,755971896.0,954.0
2008,col,aus,711,11481108.0,0.0
2008,col,ncl,711,18094.0,0.0
2008,col,nzl,711,3663974.0,0.0
2008,col,pyf,711,163342.0,0.0
2008,col,arg,711,1773744.0,0.0
2008,col,bol,711,1579.0,0.0
2008,col,chl,711,1191822.0,0.0
2008,col,ecu,711,361650.0,10055169.0
2008,col,per,711,42412.0,8518100.0
2008,col,ury,711,21880.0,0.0
2008,col,ven,711,1538861.0,6360.0
2009,col,egy,711,355847.0,0.0
2009,col,lby,711,79789.0,0.0
2009,col,mar,711,1240471.0,0.0
2009,col,mus,711,51959.0,0.0
2009,col,zaf,711,2053182.0,0.0
2009,col,are,711,137813.0,0.0
2009,col,arm,711,173774.0,0.0
2009,col,chn,711,716334.0,0.0
2009,col,geo,711,85036.0,0.0
2009,col,hkg,711,841477.0,0.0
2009,col,idn,711,11077.0,0.0
2009,col,ind,711,230174.0,0.0
2009,col,isr,711,1828061.0,0.0
2009,col,jor,711,1528907.0,0.0
2009,col,jpn,711,233268042.0,0.0
2009,col,kaz,711,4293.0,0.0
2009,col,kor,711,44993146.0,0.0
2009,col,lbn,711,726735.0,991.0
2009,col,mac,711,8748.0,0.0
2009,col,mys,711,80946.0,0.0
2009,col,sau,711,311299.0,0.0
2009,col,sgp,711,776804.0,0.0
2009,col,syr,711,3333901.0,0.0
2009,col,tha,711,34084.0,0.0
2009,col,tur,711,68654.0,0.0
2009,col,vnm,711,64507.0,0.0
2009,col,alb,711,106181.0,0.0
2009,col,aut,711,4199478.0,0.0
2009,col,bel,711,54367957.0,0.0
2009,col,bgr,711,2498453.0,0.0
2009,col,bih,711,141021.0,0.0
2009,col,blr,711,34454.0,0.0
2009,col,che,711,49459784.0,258.0
2009,col,cze,711,1612513.0,0.0
2009,col,deu,711,102401492.0,0.0
2009,col,dnk,711,3669766.0,0.0
2009,col,esp,711,45638695.0,174670.0
2009,col,est,711,990888.0,0.0
2009,col,fin,711,19634006.0,0.0
2009,col,fra,711,45572989.0,0.0
2009,col,fro,711,1527.0,0.0
2009,col,gbr,711,53139475.0,0.0
2009,col,gib,711,49055.0,0.0
2009,col,grc,711,1323476.0,0.0
2009,col,hrv,711,1145362.0,0.0
2009,col,irl,711,1007479.0,0.0
2009,col,isl,711,670009.0,0.0
2009,col,ita,711,38179384.0,156765.0
2009,col,lux,711,2781.0,0.0
2009,col,lva,711,1101595.0,0.0
2009,col,mda,711,1369.0,0.0
2009,col,mkd,711,20908.0,0.0
2009,col,mne,711,18085.0,0.0
2009,col,nld,711,5783431.0,0.0
2009,col,nor,711,19486644.0,0.0
2009,col,pol,711,3557017.0,0.0
2009,col,prt,711,4074970.0,0.0
2009,col,rou,711,4203723.0,0.0
2009,col,rus,711,8338653.0,0.0
2009,col,srb,711,130789.0,0.0
2009,col,svk,711,1963.0,0.0
2009,col,svn,711,2103159.0,0.0
2009,col,swe,711,36599802.0,0.0
2009,col,ukr,711,753147.0,0.0
2009,col,abw,711,54815.0,0.0
2009,col,ant,711,96407.0,0.0
2009,col,atg,711,1289.0,0.0
2009,col,brb,711,1795.0,0.0
2009,col,can,711,103429936.0,0.0
2009,col,dom,711,98646.0,0.0
2009,col,hnd,711,130.0,0.0
2009,col,lca,711,1500.0,0.0
2009,col,mex,711,2145354.0,0.0
2009,col,msr,711,58086.0,0.0
2009,col,nic,711,7.0,0.0
2009,col,pan,711,34663.0,0.0
2009,col,slv,711,247.0,0.0
2009,col,usa,711,662927084.0,321380.0
2009,col,aus,711,11978952.0,0.0
2009,col,fji,711,70781.0,0.0
2009,col,ncl,711,25851.0,0.0
2009,col,nzl,711,4635567.0,0.0
2009,col,pyf,711,97301.0,0.0
2009,col,arg,711,1608872.0,5082.0
2009,col,bol,711,20.0,0.0
2009,col,bra,711,0.0,2438336.0
2009,col,chl,711,1309399.0,0.0
2009,col,ecu,711,704307.0,33773341.0
2009,col,per,711,7804.0,40038197.0
2009,col,ury,711,113.0,0.0
2009,col,ven,711,946949.0,0.0
2010,col,egy,711,194965.0,0.0
2010,col,mar,711,1307538.0,0.0
2010,col,mus,711,41960.0,0.0
2010,col,zaf,711,2341919.0,0.0
2010,col,are,711,105994.0,0.0
2010,col,arm,711,197251.0,0.0
2010,col,bhr,711,24065.0,0.0
2010,col,chn,711,1111906.0,0.0
2010,col,geo,711,171734.0,0.0
2010,col,hkg,711,1063818.0,0.0
2010,col,idn,711,156733.0,0.0
2010,col,irq,711,5398.0,0.0
2010,col,isr,711,1244684.0,0.0
2010,col,jor,711,1396071.0,0.0
2010,col,jpn,711,321990129.0,0.0
2010,col,kaz,711,4930.0,0.0
2010,col,kor,711,59158544.0,0.0
2010,col,lbn,711,1040300.0,365.0
2010,col,mac,711,172480.0,0.0
2010,col,mys,711,1327891.0,0.0
2010,col,qat,711,9062.0,0.0
2010,col,sau,711,228714.0,0.0
2010,col,sgp,711,692311.0,0.0
2010,col,syr,711,751938.0,0.0
2010,col,tha,711,20039.0,0.0
2010,col,tur,711,201082.0,0.0
2010,col,alb,711,89913.0,0.0
2010,col,aut,711,2739245.0,0.0
2010,col,bel,711,44134285.0,0.0
2010,col,bgr,711,62349.0,0.0
2010,col,bih,711,85937.0,0.0
2010,col,blr,711,19767.0,0.0
2010,col,che,711,81019831.0,19692.0
2010,col,cze,711,1523289.0,0.0
2010,col,deu,711,75779325.0,0.0
2010,col,dnk,711,4609215.0,0.0
2010,col,esp,711,51069826.0,0.0
2010,col,est,711,501174.0,0.0
2010,col,fin,711,27208820.0,0.0
2010,col,fra,711,38077227.0,0.0
2010,col,gbr,711,63465874.0,0.0
2010,col,grc,711,965476.0,0.0
2010,col,hrv,711,1007456.0,0.0
2010,col,irl,711,1665942.0,0.0
2010,col,isl,711,347747.0,0.0
2010,col,ita,711,19107930.0,263045.0
2010,col,lux,711,645.0,0.0
2010,col,lva,711,750482.0,0.0
2010,col,mda,711,1055.0,0.0
2010,col,mne,711,69148.0,0.0
2010,col,nld,711,2190831.0,0.0
2010,col,nor,711,25036527.0,0.0
2010,col,pol,711,637921.0,0.0
2010,col,prt,711,1235300.0,0.0
2010,col,rou,711,4333997.0,0.0
2010,col,rus,711,5013223.0,0.0
2010,col,srb,711,57109.0,0.0
2010,col,svk,711,5800.0,0.0
2010,col,svn,711,2027242.0,0.0
2010,col,swe,711,33155150.0,0.0
2010,col,ukr,711,1061300.0,0.0
2010,col,abw,711,37110.0,0.0
2010,col,ant,711,92758.0,0.0
2010,col,atg,711,429.0,0.0
2010,col,brb,711,111.0,0.0
2010,col,can,711,147748307.0,0.0
2010,col,cri,711,309.0,0.0
2010,col,dom,711,211033.0,0.0
2010,col,grd,711,2766.0,0.0
2010,col,lca,711,3750.0,0.0
2010,col,mex,711,2176451.0,128363.0
2010,col,nic,711,24.0,0.0
2010,col,pan,711,853.0,0.0
2010,col,slv,711,8611.0,0.0
2010,col,usa,711,745303326.0,611807.0
2010,col,aus,711,17018201.0,0.0
2010,col,ncl,711,13741.0,0.0
2010,col,nzl,711,3982794.0,0.0
2010,col,pyf,711,14720.0,0.0
2010,col,arg,711,1636240.0,3168.0
2010,col,bol,711,345.0,0.0
2010,col,bra,711,48.0,1851368.0
2010,col,chl,711,1961315.0,0.0
2010,col,ecu,711,675325.0,34563449.0
2010,col,per,711,7547.0,36032128.0
2010,col,ven,711,66.0,0.0
2011,col,egy,711,538931.0,
2011,col,mar,711,1533090.0,
2011,col,zaf,711,718720.0,
2011,col,are,711,221598.0,
2011,col,chn,711,2150037.0,
2011,col,geo,711,96761.0,
2011,col,hkg,711,1167737.0,
2011,col,idn,711,109468.0,
2011,col,irq,711,5000.0,
2011,col,isr,711,10121952.0,
2011,col,jor,711,1283447.0,
2011,col,jpn,711,350977667.0,
2011,col,kor,711,97074486.0,
2011,col,lbn,711,1438716.0,1164.0
2011,col,mac,711,209262.0,
2011,col,mys,711,2147540.0,
2011,col,sau,711,1102400.0,
2011,col,sgp,711,481897.0,
2011,col,syr,711,4622176.0,
2011,col,tha,711,1245.0,
2011,col,tur,711,253877.0,
2011,col,xxb,711,2949976.0,
2011,col,alb,711,32064.0,
2011,col,aut,711,3085.0,
2011,col,bel,711,222200411.0,
2011,col,che,711,230073.0,
2011,col,cze,711,673770.0,
2011,col,deu,711,137953596.0,
2011,col,dnk,711,6143813.0,
2011,col,esp,711,90401300.0,
2011,col,est,711,205811.0,
2011,col,fin,711,49464484.0,
2011,col,fra,711,37756834.0,
2011,col,gbr,711,152357868.0,
2011,col,grc,711,1209311.0,
2011,col,hrv,711,814847.0,
2011,col,irl,711,1721879.0,
2011,col,isl,711,585251.0,
2011,col,ita,711,44472721.0,227421.0
2011,col,lva,711,1481343.0,
2011,col,nld,711,5928321.0,
2011,col,nor,711,30006703.0,
2011,col,pol,711,634951.0,
2011,col,prt,711,2430833.0,
2011,col,rou,711,2807999.0,
2011,col,rus,711,7990520.0,
2011,col,svn,711,1816441.0,
2011,col,swe,711,42053750.0,
2011,col,abw,711,48801.0,
2011,col,brb,711,490.0,
2011,col,can,711,183549008.0,
2011,col,cri,711,58500.0,
2011,col,cuw,711,198408.0,
2011,col,dom,711,7059.0,
2011,col,grd,711,1260.0,
2011,col,mex,711,3564331.0,
2011,col,slv,711,92054.0,
2011,col,usa,711,1116980454.0,4389.0
2011,col,aus,711,20462329.0,
2011,col,nzl,711,4945598.0,
2011,col,arg,711,2730032.0,
2011,col,bol,711,927.0,
2011,col,bra,711,320.0,162236.0
2011,col,chl,711,2025072.0,
2011,col,col,711,,5937.0
2011,col,ecu,711,1054238.0,85987234.0
2011,col,per,711,200234.0,85335600.0
2011,col,ury,711,50986.0,
2011,col,xxf,711,970787.0,
2012,col,dza,711,93404.0,
2012,col,egy,711,681064.0,
2012,col,lby,711,89498.0,
2012,col,mar,711,2503594.0,
2012,col,zaf,711,1271260.0,
2012,col,are,711,243626.0,
2012,col,chn,711,4638381.0,
2012,col,geo,711,187592.0,
2012,col,hkg,711,878359.0,
2012,col,irq,711,11358.0,
2012,col,isr,711,14363572.0,
2012,col,jor,711,1805938.0,
2012,col,jpn,711,214538787.0,
2012,col,kor,711,56451773.0,
2012,col,lbn,711,1376891.0,929.0
2012,col,mac,711,315012.0,
2012,col,mys,711,2091954.0,
2012,col,sau,711,519754.0,
2012,col,sgp,711,1357046.0,
2012,col,syr,711,1458406.0,
2012,col,tur,711,494447.0,
2012,col,xxb,711,4441565.0,
2012,col,alb,711,170924.0,
2012,col,aut,711,3942.0,
2012,col,bel,711,159512990.0,
2012,col,che,711,97578.0,
2012,col,cze,711,857772.0,
2012,col,deu,711,104455845.0,
2012,col,dnk,711,5896142.0,
2012,col,esp,711,74118202.0,
2012,col,est,711,310958.0,
2012,col,fin,711,51061646.0,
2012,col,fra,711,31596741.0,
2012,col,fro,711,78709.0,
2012,col,gbr,711,97874870.0,
2012,col,grc,711,2133551.0,
2012,col,hrv,711,83423.0,
2012,col,irl,711,1658754.0,
2012,col,isl,711,531037.0,
2012,col,ita,711,31161263.0,243735.0
2012,col,lva,711,156262.0,
2012,col,nld,711,9376695.0,
2012,col,nor,711,26447382.0,
2012,col,pol,711,1125234.0,
2012,col,prt,711,1205282.0,
2012,col,rou,711,3355558.0,
2012,col,rus,711,9164924.0,
2012,col,svn,711,1124871.0,
2012,col,swe,711,33272578.0,
2012,col,ukr,711,14573.0,
2012,col,abw,711,74346.0,
2012,col,bmu,711,34996.0,
2012,col,can,711,145669494.0,
2012,col,cri,711,74356.0,
2012,col,cuw,711,166919.0,
2012,col,dma,711,218.0,
2012,col,dom,711,10018.0,
2012,col,gtm,711,307.0,
2012,col,kna,711,195.0,
2012,col,mex,711,4030872.0,1002.0
2012,col,pan,711,171766.0,
2012,col,slv,711,91765.0,
2012,col,usa,711,818776627.0,2291.0
2012,col,aus,711,17696030.0,
2012,col,nzl,711,5219644.0,
2012,col,arg,711,2395458.0,
2012,col,bol,711,16312.0,
2012,col,bra,711,6374.0,11220243.0
2012,col,chl,711,1841592.0,
2012,col,ecu,711,1391217.0,63369861.0
2012,col,per,711,1029980.0,100397956.0
2012,col,ury,711,72134.0,
2012,col,xxf,711,262142.0,
2012,col,xxh,711,372518.0,
2013,col,dza,711,68807.0,
2013,col,egy,711,636312.0,
2013,col,lbr,711,263111.0,
2013,col,lby,711,202392.0,
2013,col,mar,711,1463588.0,
2013,col,zaf,711,959013.0,
2013,col,are,711,142643.0,
2013,col,chn,711,3964632.0,
2013,col,cyp,711,30646.0,
2013,col,geo,711,56777.0,
2013,col,hkg,711,1044937.0,
2013,col,idn,711,60188.0,
2013,col,irq,711,14212.0,
2013,col,isr,711,15490459.0,
2013,col,jor,711,2381656.0,
2013,col,jpn,711,226550360.0,
2013,col,kor,711,47590498.0,
2013,col,kwt,711,59532.0,
2013,col,lbn,711,1189365.0,1489.0
2013,col,mac,711,132338.0,
2013,col,mys,711,3760768.0,
2013,col,sau,711,751500.0,150356.0
2013,col,sgp,711,902816.0,
2013,col,syr,711,1375364.0,
2013,col,tur,711,843942.0,
2013,col,vnm,711,645216.0,
2013,col,xxb,711,4854300.0,
2013,col,alb,711,123997.0,
2013,col,aut,711,29086.0,
2013,col,bel,711,161310188.0,
2013,col,che,711,277881.0,
2013,col,cze,711,757124.0,
2013,col,deu,711,131020500.0,
2013,col,dnk,711,4780473.0,
2013,col,esp,711,57074586.0,
2013,col,est,711,735287.0,
2013,col,fin,711,40835648.0,
2013,col,fra,711,30501843.0,
2013,col,gbr,711,64585805.0,133895.0
2013,col,grc,711,2493557.0,
2013,col,hrv,711,133470.0,
2013,col,irl,711,1301151.0,
2013,col,isl,711,341234.0,
2013,col,ita,711,32426563.0,390321.0
2013,col,lva,711,632400.0,
2013,col,nld,711,10859020.0,
2013,col,nor,711,25700065.0,
2013,col,pol,711,317585.0,
2013,col,prt,711,1868546.0,
2013,col,rou,711,4038371.0,
2013,col,rus,711,8308770.0,
2013,col,svn,711,622428.0,
2013,col,swe,711,25304827.0,
2013,col,ukr,711,64480.0,
2013,col,abw,711,135130.0,
2013,col,bmu,711,53965.0,
2013,col,can,711,122149608.0,
2013,col,cri,711,59579.0,
2013,col,cuw,711,213366.0,
2013,col,dma,711,461.0,
2013,col,jam,711,47989.0,
2013,col,mex,711,3915478.0,
2013,col,pan,711,188558.0,
2013,col,slv,711,202706.0,
2013,col,tto,711,8294.0,
2013,col,usa,711,842969413.0,12205.0
2013,col,aus,711,20503730.0,
2013,col,nzl,711,4093453.0,
2013,col,pyf,711,130735.0,
2013,col,arg,711,1520106.0,
2013,col,bol,711,35076.0,
2013,col,bra,711,1943.0,
2013,col,chl,711,2083300.0,
2013,col,ecu,711,1259498.0,16983748.0
2013,col,per,711,602340.0,33993902.0
2013,col,ury,711,133188.0,
2013,col,xxf,711,9387.0,
2013,col,xxh,711,334503.0,
2014,col,egy,711,429519.0,
2014,col,lby,711,58755.0,
2014,col,mar,711,1661877.0,
2014,col,nga,711,2652.0,
2014,col,zaf,711,2098870.0,
2014,col,are,711,631025.0,
2014,col,arm,711,55986.0,
2014,col,chn,711,6008709.0,
2014,col,geo,711,179186.0,
2014,col,hkg,711,756055.0,
2014,col,idn,711,85250.0,
2014,col,irq,711,11306.0,
2014,col,isr,711,15018513.0,
2014,col,jor,711,2003526.0,
2014,col,jpn,711,236070662.0,
2014,col,kor,711,79172560.0,
2014,col,kwt,711,5870.0,
2014,col,lbn,711,1736027.0,1787.0
2014,col,mac,711,125450.0,
2014,col,mys,711,13534227.0,597.0
2014,col,phl,711,291.0,
2014,col,sau,711,686854.0,
2014,col,sgp,711,1283056.0,
2014,col,syr,711,986140.0,
2014,col,tur,711,1232559.0,
2014,col,vnm,711,361454.0,
2014,col,xxb,711,5964433.0,
2014,col,alb,711,88791.0,
2014,col,aut,711,34657.0,
2014,col,bel,711,206866421.0,
2014,col,che,711,107279.0,146454.0
2014,col,cze,711,866485.0,
2014,col,deu,711,203456842.0,
2014,col,dnk,711,7922269.0,
2014,col,esp,711,77166584.0,
2014,col,est,711,390522.0,
2014,col,fin,711,51508900.0,
2014,col,fra,711,38280568.0,
2014,col,gbr,711,95886657.0,819891.0
2014,col,grc,711,2895033.0,
2014,col,irl,711,1271913.0,
2014,col,isl,711,160581.0,
2014,col,ita,711,63459187.0,348336.0
2014,col,lva,711,730835.0,
2014,col,nld,711,24720591.0,
2014,col,nor,711,34208120.0,
2014,col,pol,711,1677808.0,
2014,col,prt,711,2690271.0,
2014,col,rou,711,5856100.0,
2014,col,rus,711,14728448.0,
2014,col,svn,711,4467235.0,
2014,col,swe,711,40350711.0,
2014,col,ukr,711,171585.0,
2014,col,abw,711,124346.0,
2014,col,can,711,180849667.0,
2014,col,cri,711,78937.0,
2014,col,cub,711,20.0,
2014,col,cuw,711,166481.0,
2014,col,dma,711,922.0,
2014,col,gtm,711,12355.0,
2014,col,hnd,711,8928.0,
2014,col,jam,711,137630.0,
2014,col,mex,711,11282084.0,
2014,col,pan,711,463284.0,
2014,col,slv,711,364498.0,
2014,col,tto,711,73343.0,
2014,col,usa,711,1036826870.0,60868.0
2014,col,aus,711,24692101.0,
2014,col,nzl,711,4930222.0,
2014,col,arg,711,2285217.0,
2014,col,bol,711,138548.0,
2014,col,bra,711,5453.0,7891168.0
2014,col,chl,711,1868166.0,
2014,col,col,711,,14304.0
2014,col,ecu,711,1261966.0,11694030.0
2014,col,per,711,617008.0,15813115.0
2014,col,pry,711,25392.0,
2014,col,ury,711,46544.0,
2014,col,xxf,711,11300.0,
2014,col,xxh,711,297850.0,
2015,col,dza,711,193717.0,
2015,col,egy,711,1274965.0,
2015,col,mar,711,1703293.0,
2015,col,zaf,711,2809563.0,
2015,col,are,711,988333.0,
2015,col,arm,711,67990.0,
2015,col,chn,711,8005971.0,
2015,col,geo,711,138944.0,
2015,col,hkg,711,833437.0,
2015,col,idn,711,78848.0,
2015,col,irn,711,54963.0,
2015,col,isr,711,16164232.0,
2015,col,jor,711,6108709.0,
2015,col,jpn,711,273649720.0,
2015,col,kor,711,69654200.0,
2015,col,kwt,711,342628.0,
2015,col,lbn,711,1813250.0,1243.0
2015,col,mac,711,126700.0,
2015,col,mys,711,32090598.0,
2015,col,omn,711,195761.0,
2015,col,sau,711,1068219.0,
2015,col,sgp,711,1235091.0,
2015,col,syr,711,2256819.0,
2015,col,tur,711,889945.0,
2015,col,vnm,711,115022.0,
2015,col,alb,711,144941.0,
2015,col,aut,711,11547.0,
2015,col,bel,711,208908613.0,
2015,col,bgr,711,62748.0,
2015,col,che,711,251294.0,439929.0
2015,col,cze,711,46347.0,
2015,col,deu,711,201331879.0,
2015,col,dnk,711,6888375.0,
2015,col,esp,711,67389346.0,10528.0
2015,col,est,711,447074.0,
2015,col,fin,711,57040218.0,
2015,col,fra,711,22353717.0,
2015,col,gbr,711,65152319.0,948998.0
2015,col,grc,711,3631431.0,
2015,col,irl,711,2140368.0,
2015,col,isl,711,543753.0,
2015,col,ita,711,77140346.0,384169.0
2015,col,nld,711,24875802.0,9444.0
2015,col,nor,711,35276347.0,
2015,col,pol,711,1980472.0,
2015,col,prt,711,2111716.0,
2015,col,rou,711,5491440.0,
2015,col,rus,711,16367518.0,
2015,col,svn,711,2929816.0,
2015,col,swe,711,33986849.0,
2015,col,abw,711,170086.0,
2015,col,brb,711,8.0,
2015,col,can,711,165417761.0,
2015,col,cri,711,125960.0,
2015,col,cuw,711,208447.0,
2015,col,dma,711,231.0,
2015,col,dom,711,10033778.0,
2015,col,gtm,711,11664.0,
2015,col,hnd,711,22924.0,
2015,col,jam,711,195819.0,
2015,col,mex,711,16729444.0,
2015,col,pan,711,347778.0,
2015,col,slv,711,327633.0,
2015,col,tto,711,29576.0,
2015,col,usa,711,1074466077.0,47819.0
2015,col,aus,711,28871058.0,
2015,col,nzl,711,5240591.0,
2015,col,pyf,711,58123.0,
2015,col,arg,711,2147020.0,
2015,col,bol,711,175063.0,
2015,col,bra,711,4106.0,412938.0
2015,col,chl,711,2421580.0,
2015,col,ecu,711,1481494.0,5528727.0
2015,col,per,711,752225.0,7657231.0
2015,col,pry,711,209705.0,
2015,col,ury,711,117132.0,
2015,col,wld,711,2576546111.0,15447144.0
2016,col,dza,711,120507.0,
2016,col,egy,711,821456.0,
2016,col,ken,711,,39819.0
2016,col,mar,711,1344503.0,
2016,col,nga,711,1544.0,
2016,col,tun,711,3985.0,
2016,col,zaf,711,1977188.0,
2016,col,are,711,356179.0,
2016,col,arm,711,57809.0,
2016,col,chn,711,5678514.0,
2016,col,geo,711,145860.0,
2016,col,hkg,711,739664.0,
2016,col,idn,711,129975.0,5861.0
2016,col,ind,711,77923.0,
2016,col,irn,711,70758.0,
2016,col,isr,711,14917243.0,
2016,col,jor,711,1526172.0,
2016,col,jpn,711,242979609.0,
2016,col,kor,711,89945900.0,
2016,col,kwt,711,4592.0,
2016,col,lbn,711,1473439.0,1922.0
2016,col,mac,711,56447.0,
2016,col,mys,711,15012755.0,
2016,col,omn,711,58572.0,
2016,col,sau,711,1357918.0,
2016,col,sgp,711,1520462.0,
2016,col,syr,711,1477117.0,
2016,col,tha,711,10073.0,
2016,col,tur,711,967959.0,
2016,col,vnm,711,137027.0,24900.0
2016,col,alb,711,62659.0,
2016,col,aut,711,37276.0,
2016,col,bel,711,153301514.0,
2016,col,bgr,711,44851.0,
2016,col,che,711,746194.0,521228.0
2016,col,cze,711,77998.0,
2016,col,deu,711,218861164.0,
2016,col,dnk,711,6322519.0,
2016,col,esp,711,63778105.0,23544.0
2016,col,est,711,527142.0,
2016,col,fin,711,58524776.0,
2016,col,fra,711,29505978.0,
2016,col,gbr,711,69020708.0,960531.0
2016,col,grc,711,5165537.0,
2016,col,irl,711,1962687.0,
2016,col,isl,711,459281.0,
2016,col,ita,711,72915667.0,273916.0
2016,col,nld,711,27201191.0,4.0
2016,col,nor,711,32024014.0,
2016,col,pol,711,1360089.0,
2016,col,prt,711,1692763.0,
2016,col,rou,711,5969995.0,
2016,col,rus,711,12006784.0,
2016,col,srb,711,72361.0,
2016,col,svn,711,3652793.0,
2016,col,swe,711,33067861.0,
2016,col,ukr,711,793915.0,
2016,col,abw,711,317929.0,
2016,col,bes,711,79337.0,
2016,col,brb,711,8.0,
2016,col,can,711,181816393.0,
2016,col,cri,711,467376.0,
2016,col,cub,711,54.0,
2016,col,cuw,711,148316.0,
2016,col,dma,711,786.0,
2016,col,dom,711,5407362.0,
2016,col,hnd,711,37518.0,
2016,col,jam,711,491011.0,
2016,col,lca,711,574.0,
2016,col,mex,711,11849502.0,
2016,col,pan,711,618067.0,
2016,col,slv,711,177442.0,
2016,col,tto,711,71130.0,
2016,col,usa,711,1024803513.0,30910.0
2016,col,vct,711,953.0,
2016,col,aus,711,30682271.0,
2016,col,nfk,711,981269.0,
2016,col,nzl,711,6196081.0,
2016,col,arg,711,1926545.0,
2016,col,bol,711,34766.0,
2016,col,bra,711,106624.0,1349968.0
2016,col,chl,711,3207551.0,
2016,col,ecu,711,939787.0,1979304.0
2016,col,per,711,591303.0,11499725.0
2016,col,pry,711,36289.0,
2016,col,sur,711,2343.0,
2016,col,ury,711,106214.0,
2016,col,ven,711,29317.0,
2017,col,dza,711,151974.5,
2017,col,egy,711,981649.5,
2017,col,mar,711,1635564.0,
2017,col,zaf,711,2247912.0,56.0
2017,col,chn,711,9231609.0,
2017,col,cyp,711,188348.5,
2017,col,geo,711,142435.0,
2017,col,hkg,711,955779.5,
2017,col,idn,711,66175.5,
2017,col,ind,711,330662.0,
2017,col,irn,711,180204.0,
2017,col,isr,711,13477502.5,
2017,col,jor,711,4035338.5,
2017,col,jpn,711,265242996.5,2634.0
2017,col,kor,711,96390498.5,
2017,col,kwt,711,77036.0,
2017,col,lbn,711,1756423.0,4177.5
2017,col,mys,711,19363446.5,
2017,col,phl,711,22274.0,
2017,col,sgp,711,1230285.0,
2017,col,tur,711,2084163.5,
2017,col,alb,711,145493.0,
2017,col,aut,711,870827.0,
2017,col,bel,711,93238976.0,
2017,col,che,711,50587923.5,760566.0
2017,col,cze,711,1479277.5,
2017,col,deu,711,182843740.0,12201.0
2017,col,dnk,711,5806719.5,
2017,col,esp,711,65787531.0,87854.5
2017,col,est,711,453336.5,
2017,col,fin,711,58643726.5,33.0
2017,col,fra,711,45496751.0,
2017,col,gbr,711,75650055.0,1350239.0
2017,col,grc,711,3112741.0,
2017,col,hrv,711,378256.0,
2017,col,irl,711,3515129.0,
2017,col,isl,711,1124545.5,
2017,col,ita,711,73829245.5,276574.0
2017,col,ltu,711,22024.0,
2017,col,lva,711,284567.0,
2017,col,nld,711,24316291.0,15106.0
2017,col,nor,711,40297851.0,
2017,col,pol,711,3489875.0,
2017,col,prt,711,4743424.5,
2017,col,rou,711,5212688.0,
2017,col,rus,711,18460881.5,
2017,col,svn,711,3038312.0,
2017,col,swe,711,30071441.5,
2017,col,ukr,711,1971973.5,
2017,col,abw,711,298811.5,
2017,col,can,711,210838893.5,
2017,col,cri,711,315584.5,1317.0
2017,col,dom,711,1574611.5,
2017,col,hnd,711,11165.5,3119479.5
2017,col,jam,711,604671.5,
2017,col,mex,711,6678675.0,
2017,col,nic,711,41938.0,
2017,col,slv,711,179036.0,
2017,col,usa,711,1234943426.5,110378.5
2017,col,aus,711,41498983.5,
2017,col,nzl,711,7045430.0,
2017,col,arg,711,4167094.0,
2017,col,bol,711,184690.0,
2017,col,bra,711,387057.0,1008723.0
2017,col,chl,711,3266254.5,
2017,col,ecu,711,1511297.5,4465005.0
2017,col,per,711,721138.0,18995859.0
2017,col,pry,711,278450.5,
2017,col,sur,711,5528.5,
2017,col,ury,711,179559.5,
