date,excelso_price_cents_per_pound
1913-02-01,16.31
1913-03-01,15.69
1913-04-01,15.63
1913-05-01,15.56
1913-06-01,14.5
1913-07-01,14.44
1913-08-01,14.44
1913-09-01,15.38
1913-10-01,16.5
1913-11-01,15.94
1913-12-01,16.06
1914-01-01,16.94
1914-02-01,16.81
1914-03-01,16.75
1914-04-01,17.0
1914-05-01,17.75
1914-06-01,16.5
1914-07-01,16.25
1914-08-01,15.31
1914-09-01,13.38
1914-10-01,13.63
1914-11-01,13.88
1914-12-01,14.13
1915-01-01,15.13
1915-02-01,14.63
1915-03-01,15.25
1915-04-01,15.13
1915-05-01,14.56
1915-06-01,14.63
1915-07-01,14.63
1915-08-01,13.88
1915-09-01,13.75
1915-10-01,14.19
1915-11-01,14.19
1915-12-01,14.13
1916-01-01,15.0
1916-02-01,15.75
1916-03-01,15.69
1916-04-01,16.13
1916-05-01,15.25
1916-06-01,14.19
1916-07-01,13.88
1916-08-01,13.75
1916-09-01,13.56
1916-10-01,13.69
1916-11-01,12.88
1916-12-01,13.5
1917-01-01,13.63
1917-02-01,13.69
1917-03-01,13.0
1917-04-01,13.38
1917-05-01,13.38
1917-06-01,13.0
1917-07-01,12.38
1917-08-01,12.13
1917-09-01,11.88
1917-10-01,12.0
1917-11-01,12.75
1917-12-01,13.88
1918-01-01,14.5
1918-02-01,15.25
1918-03-01,15.13
1918-04-01,14.63
1918-05-01,14.5
1918-06-01,14.25
1918-07-01,14.13
1918-08-01,14.13
1918-09-01,15.81
1918-10-01,16.69
1918-11-01,22.75
1918-12-01,24.88
1919-01-01,22.25
1919-02-01,23.0
1919-03-01,23.25
1919-04-01,26.0
1919-05-01,28.38
1919-06-01,30.0
1919-07-01,30.5
1919-08-01,31.5
1919-09-01,28.0
1919-10-01,30.38
1919-11-01,30.0
1919-12-01,28.88
1920-01-01,28.75
1920-02-01,27.75
1920-03-01,28.38
1920-04-01,27.5
1920-05-01,27.25
1920-06-01,25.13
1920-07-01,21.38
1920-08-01,17.0
1920-09-01,13.88
1920-10-01,14.25
1920-11-01,13.5
1920-12-01,13.88
1921-01-01,16.25
1921-02-01,16.88
1921-03-01,16.25
1921-04-01,15.38
1921-05-01,15.13
1921-06-01,15.31
1921-07-01,14.81
1921-08-01,14.88
1921-09-01,15.88
1921-10-01,15.63
1921-11-01,15.25
1921-12-01,15.75
1922-01-01,15.5
1922-02-01,15.63
1922-03-01,17.25
1922-04-01,17.63
1922-05-01,17.13
1922-06-01,17.38
1922-07-01,17.38
1922-08-01,17.44
1922-09-01,18.06
1922-10-01,18.06
1922-11-01,18.5
1922-12-01,19.75
1923-01-01,22.38
1923-02-01,21.75
1923-03-01,20.88
1923-04-01,17.75
1923-05-01,17.38
1923-06-01,15.88
1923-07-01,15.63
1923-08-01,17.0
1923-09-01,18.0
1923-10-01,20.38
1923-11-01,18.75
1923-12-01,20.0
1924-01-01,21.0
1924-02-01,26.0
1924-03-01,26.25
1924-04-01,24.75
1924-05-01,22.5
1924-06-01,23.88
1924-07-01,25.25
1924-08-01,25.38
1924-09-01,26.25
1924-10-01,28.5
1924-11-01,21.38
1924-12-01,28.13
1925-01-01,28.5
1925-02-01,28.25
1925-03-01,27.25
1925-04-01,24.0
1925-05-01,26.63
1925-06-01,26.63
1925-07-01,24.38
1925-08-01,29.31
1925-09-01,25.63
1925-10-01,30.25
1925-11-01,30.0
1925-12-01,30.38
1926-01-01,31.38
1926-02-01,30.0
1926-03-01,28.75
1926-04-01,28.88
1926-05-01,29.88
1926-06-01,28.63
1926-07-01,29.75
1926-08-01,28.88
1926-09-01,27.75
1926-10-01,26.25
1926-11-01,26.5
1926-12-01,25.25
1927-01-01,24.38
1927-02-01,23.0
1927-03-01,23.75
1927-04-01,22.88
1927-05-01,22.25
1927-06-01,23.5
1927-07-01,24.5
1927-08-01,24.25
1927-09-01,26.63
1927-10-01,28.25
1927-11-01,28.38
1927-12-01,29.19
1928-01-01,29.24
1928-02-01,28.49
1928-03-01,28.04
1928-04-01,27.27
1928-05-01,27.72
1928-06-01,27.46
1928-07-01,27.54
1928-08-01,27.71
1928-09-01,27.3
1928-10-01,26.27
1928-11-01,25.41
1928-12-01,24.65
1929-01-01,25.12
1929-02-01,25.44
1929-03-01,24.95
1929-04-01,24.66
1929-05-01,24.33
1929-06-01,23.87
1929-07-01,23.48
1929-08-01,22.61
1929-09-01,23.29
1929-10-01,20.68
1929-11-01,18.72
1929-12-01,16.59
1930-01-01,19.32
1930-02-01,18.97
1930-03-01,18.25
1930-04-01,17.5
1930-05-01,17.4
1930-06-01,16.19
1930-07-01,15.8
1930-08-01,15.25
1930-09-01,16.31
1930-10-01,17.9
1930-11-01,16.77
1930-12-01,17.25
1931-01-01,17.87
1931-02-01,17.4
1931-03-01,17.25
1931-04-01,16.92
1931-05-01,16.39
1931-06-01,16.22
1931-07-01,15.82
1931-08-01,14.83
1931-09-01,14.59
1931-10-01,13.42
1931-11-01,13.3
1931-12-01,12.53
1932-01-01,12.08
1932-02-01,11.53
1932-03-01,10.88
1932-04-01,10.94
1932-05-01,11.35
1932-06-01,10.98
1932-07-01,10.54
1932-08-01,11.56
1932-09-01,13.42
1932-10-01,11.83
1932-11-01,10.64
1932-12-01,10.52
1933-01-01,10.2
1933-02-01,10.0
1933-03-01,10.31
1933-04-01,9.87
1933-05-01,10.26
1933-06-01,9.96
1933-07-01,10.49
1933-08-01,10.65
1933-09-01,10.86
1933-10-01,10.41
1933-11-01,11.11
1933-12-01,11.38
1934-01-01,12.77
1934-02-01,14.45
1934-03-01,14.67
1934-04-01,14.72
1934-05-01,14.13
1934-06-01,14.19
1934-07-01,13.35
1934-08-01,13.86
1934-09-01,13.78
1934-10-01,13.27
1934-11-01,12.78
1934-12-01,12.43
1935-01-01,11.97
1935-02-01,11.01
1935-03-01,10.16
1935-04-01,9.88
1935-05-01,9.79
1935-06-01,9.92
1935-07-01,9.82
1935-08-01,9.66
1935-09-01,10.18
1935-10-01,10.23
1935-11-01,10.02
1935-12-01,10.45
1936-01-01,11.43
1936-02-01,13.0
1936-03-01,11.53
1936-04-01,10.64
1936-05-01,10.4
1936-06-01,10.29
1936-07-01,10.85
1936-08-01,11.25
1936-09-01,10.87
1936-10-01,10.87
1936-11-01,11.64
1936-12-01,12.3
1937-01-01,12.46
1937-02-01,12.73
1937-03-01,12.72
1937-04-01,11.83
1937-05-01,11.93
1937-06-01,11.95
1937-07-01,11.63
1937-08-01,11.79
1937-09-01,11.57
1937-10-01,11.61
1937-11-01,9.99
1937-12-01,9.08
1938-01-01,9.64
1938-02-01,9.33
1938-03-01,9.3
1938-04-01,9.08
1938-05-01,10.05
1938-06-01,10.32
1938-07-01,10.98
1938-08-01,11.35
1938-09-01,11.68
1938-10-01,12.98
1938-11-01,13.88
1938-12-01,13.1
1939-01-01,12.31
1939-02-01,11.45
1939-03-01,11.04
1939-04-01,11.02
1939-05-01,12.28
1939-06-01,12.53
1939-07-01,12.2
1939-08-01,12.27
1939-09-01,12.34
1939-10-01,12.12
1939-11-01,10.9
1939-12-01,9.43
1940-01-01,9.07
1940-02-01,9.07
1940-03-01,8.99
1940-04-01,8.55
1940-05-01,7.83
1940-06-01,7.99
1940-07-01,7.93
1940-08-01,7.48
1940-09-01,7.51
1940-10-01,8.11
1940-11-01,8.52
1940-12-01,9.46
1941-01-01,10.43
1941-02-01,11.92
1941-03-01,13.47
1941-04-01,14.4
1941-05-01,15.28
1941-06-01,15.93
1941-07-01,15.88
1941-08-01,15.88
1941-09-01,15.88
1941-10-01,15.87
1941-11-01,15.97
1941-12-01,16.0
1942-01-01,15.87
1942-02-01,15.87
1942-03-01,15.87
1942-04-01,15.87
1942-05-01,15.87
1942-06-01,15.87
1942-07-01,15.87
1942-08-01,15.87
1942-09-01,15.87
1942-10-01,15.87
1942-11-01,15.87
1942-12-01,15.87
1943-01-01,15.87
1943-02-01,15.87
1943-03-01,15.87
1943-04-01,15.87
1943-05-01,15.87
1943-06-01,15.87
1943-07-01,15.87
1943-08-01,15.87
1943-09-01,15.87
1943-10-01,15.87
1943-11-01,15.87
1943-12-01,15.87
1944-01-01,15.87
1944-02-01,15.87
1944-03-01,15.87
1944-04-01,15.87
1944-05-01,15.87
1944-06-01,15.87
1944-07-01,15.87
1944-08-01,15.87
1944-09-01,15.87
1944-10-01,15.87
1944-11-01,15.87
1944-12-01,15.87
1945-01-01,15.87
1945-02-01,15.87
1945-03-01,15.87
1945-04-01,15.87
1945-05-01,15.87
1945-06-01,15.87
1945-07-01,15.87
1945-08-01,15.87
1945-09-01,15.87
1945-10-01,15.87
1945-11-01,17.07
1945-12-01,18.87
1946-01-01,18.87
1946-02-01,18.87
1946-03-01,18.87
1946-04-01,18.87
1946-05-01,18.87
1946-06-01,19.05
1946-07-01,20.87
1946-08-01,22.82
1946-09-01,24.12
1946-10-01,27.52
1946-11-01,30.9
1946-12-01,30.37
1947-01-01,30.5
1947-02-01,30.69
1947-03-01,30.67
1947-04-01,28.29
1947-05-01,26.49
1947-06-01,27.76
1947-07-01,27.97
1947-08-01,30.29
1947-09-01,31.06
1947-10-01,32.03
1947-11-01,32.86
1947-12-01,32.69
1948-01-01,32.51
1948-02-01,31.05
1948-03-01,31.25
1948-04-01,31.75
1948-05-01,31.75
1948-06-01,31.35
1948-07-01,31.43
1948-08-01,32.02
1948-09-01,32.62
1948-10-01,34.38
1948-11-01,36.9
1948-12-01,34.03
1949-01-01,33.04
1949-02-01,32.33
1949-03-01,32.27
1949-04-01,31.4
1949-05-01,32.48
1949-06-01,32.92
1949-07-01,33.64
1949-08-01,34.09
1949-09-01,35.81
1949-10-01,41.51
1949-11-01,56.66
1949-12-01,55.17
1950-01-01,53.9
1950-02-01,50.75
1950-03-01,49.13
1950-04-01,49.55
1950-05-01,48.25
1950-06-01,51.9
1950-07-01,54.5
1950-08-01,56.85
1950-09-01,59.2
1950-10-01,53.95
1950-11-01,54.2
1950-12-01,56.78
1951-01-01,59.4
1951-02-01,60.2
1951-03-01,59.4
1951-04-01,59.1
1951-05-01,59.41
1951-06-01,57.96
1951-07-01,57.18
1951-08-01,57.65
1951-09-01,58.11
1951-10-01,59.06
1951-11-01,59.25
1951-12-01,58.18
1952-01-01,58.35
1952-02-01,57.75
1952-03-01,57.3
1952-04-01,55.33
1952-05-01,56.42
1952-06-01,56.23
1952-07-01,56.75
1952-08-01,57.46
1952-09-01,58.29
1952-10-01,57.44
1952-11-01,56.88
1952-12-01,55.97
1953-01-01,55.68
1953-02-01,56.3
1953-03-01,59.1
1953-04-01,55.88
1953-05-01,55.65
1953-06-01,56.15
1953-07-01,58.75
1953-08-01,61.15
1953-09-01,63.92
1953-10-01,63.4
1953-11-01,65.4
1953-12-01,66.43
1954-01-01,71.8
1954-02-01,77.65
1954-03-01,91.4
1954-04-01,91.1
1954-05-01,85.1
1954-06-01,84.73
1954-07-01,83.94
1954-08-01,80.05
1954-09-01,74.37
1954-10-01,71.5
1954-11-01,75.95
1954-12-01,72.7
1955-01-01,70.85
1955-02-01,60.5
1955-03-01,59.27
1955-04-01,61.47
1955-05-01,59.0
1955-06-01,62.45
1955-07-01,61.56
1955-08-01,64.27
1955-09-01,72.03
1955-10-01,70.97
1955-11-01,68.21
1955-12-01,64.3
1956-01-01,66.0
1956-02-01,73.05
1956-03-01,70.75
1956-04-01,67.45
1956-05-01,70.8
1956-06-01,76.65
1956-07-01,78.15
1956-08-01,80.45
1956-09-01,81.08
1956-10-01,78.28
1956-11-01,74.7
1956-12-01,70.3
1957-01-01,72.4
1957-02-01,70.64
1957-03-01,68.14
1957-04-01,65.45
1957-05-01,66.33
1957-06-01,67.13
1957-07-01,63.5
1957-08-01,63.2
1957-09-01,58.85
1957-10-01,56.0
1957-11-01,57.4
1957-12-01,58.2
1958-01-01,56.8
1958-02-01,53.65
1958-03-01,54.18
1958-04-01,54.7
1958-05-01,54.38
1958-06-01,53.85
1958-07-01,52.93
1958-08-01,51.65
1958-09-01,50.25
1958-10-01,50.88
1958-11-01,48.73
1958-12-01,46.08
1959-01-01,46.68
1959-02-01,46.23
1959-03-01,45.08
1959-04-01,45.55
1959-05-01,44.83
1959-06-01,44.3
1959-07-01,44.8
1959-08-01,45.13
1959-09-01,45.83
1959-10-01,45.03
1959-11-01,45.18
1959-12-01,43.95
1960-01-01,45.68
1960-02-01,45.95
1960-03-01,45.1
1960-04-01,45.2
1960-05-01,44.73
1960-06-01,44.38
1960-07-01,44.55
1960-08-01,45.15
1960-09-01,44.85
1960-10-01,44.9
1960-11-01,44.35
1960-12-01,43.85
1961-01-01,44.48
1961-02-01,44.58
1961-03-01,44.3
1961-04-01,43.9
1961-05-01,43.5
1961-06-01,43.33
1961-07-01,43.5
1961-08-01,43.53
1961-09-01,43.33
1961-10-01,43.15
1961-11-01,43.05
1961-12-01,42.8
1962-01-01,42.8
1962-02-01,42.78
1962-03-01,42.05
1962-04-01,41.4
1962-05-01,40.45
1962-06-01,39.5
1962-07-01,39.88
1962-08-01,40.15
1962-09-01,40.45
1962-10-01,39.78
1962-11-01,39.85
1962-12-01,40.1
1963-01-01,40.5
1963-02-01,39.43
1963-03-01,39.78
1963-04-01,39.65
1963-05-01,39.15
1963-06-01,39.25
1963-07-01,39.58
1963-08-01,39.5
1963-09-01,39.38
1963-10-01,39.48
1963-11-01,39.6
1963-12-01,39.28
1964-01-01,45.0
1964-02-01,45.7
1964-03-01,49.95
1964-04-01,48.55
1964-05-01,49.28
1964-06-01,48.6
1964-07-01,49.33
1964-08-01,50.58
1964-09-01,50.05
1964-10-01,50.08
1964-11-01,49.9
1964-12-01,48.6
1965-01-01,48.88
1965-02-01,49.68
1965-03-01,46.11
1965-04-01,46.25
1965-05-01,45.56
1965-06-01,46.46
1965-07-01,46.52
1965-08-01,47.39
1965-09-01,47.29
1965-10-01,47.85
1965-11-01,48.54
1965-12-01,48.8
1966-01-01,47.93
1966-02-01,46.13
1966-03-01,45.27
1966-04-01,45.27
1966-05-01,44.92
1966-06-01,43.87
1966-07-01,43.59
1966-08-01,43.62
1966-09-01,42.78
1966-10-01,42.27
1966-11-01,42.24
1966-12-01,41.59
1967-01-01,40.56
1967-02-01,40.29
1967-03-01,39.37
1967-04-01,40.59
1967-05-01,42.33
1967-06-01,43.24
1967-07-01,42.94
1967-08-01,41.0
1967-09-01,41.04
1967-10-01,40.43
1967-11-01,41.31
1967-12-01,40.61
1968-01-01,41.28
1968-02-01,41.42
1968-03-01,42.01
1968-04-01,42.19
1968-05-01,41.99
1968-06-01,42.28
1968-07-01,41.98
1968-08-01,41.29
1968-09-01,40.73
1968-10-01,40.76
1968-11-01,40.49
1968-12-01,39.5
1969-01-01,39.58
1969-02-01,40.19
1969-03-01,39.62
1969-04-01,38.9
1969-05-01,38.71
1969-06-01,38.06
1969-07-01,37.27
1969-08-01,38.86
1969-09-01,42.94
1969-10-01,49.18
1969-11-01,48.48
1969-12-01,49.53
1970-01-01,53.57
1970-02-01,53.95
1970-03-01,55.12
1970-04-01,56.56
1970-05-01,57.2
1970-06-01,56.71
1970-07-01,56.98
1970-08-01,55.65
1970-09-01,54.63
1970-10-01,52.79
1970-11-01,48.62
1970-12-01,46.34
1971-01-01,47.5
1971-02-01,46.6
1971-03-01,48.01
1971-04-01,46.88
1971-05-01,48.19
1971-06-01,47.46
1971-07-01,47.03
1971-08-01,47.59
1971-09-01,45.75
1971-10-01,44.78
1971-11-01,45.81
1971-12-01,48.3
1972-01-01,46.93
1972-02-01,47.34
1972-03-01,48.23
1972-04-01,47.88
1972-05-01,49.06
1972-06-01,50.52
1972-07-01,58.07
1972-08-01,56.47
1972-09-01,55.01
1972-10-01,55.43
1972-11-01,55.79
1972-12-01,57.22
1973-01-01,59.97
1973-02-01,67.96
1973-03-01,66.38
1973-04-01,60.56
1973-05-01,66.19
1973-06-01,66.17
1973-07-01,63.54
1973-08-01,62.36
1973-09-01,62.2
1973-10-01,64.5
1973-11-01,65.19
1973-12-01,66.57
1974-01-01,71.42
1974-02-01,76.69
1974-03-01,73.46
1974-04-01,72.3
1974-05-01,73.02
1974-06-01,74.11
1974-07-01,71.08
1974-08-01,64.55
1974-09-01,56.61
1974-10-01,58.78
1974-11-01,61.28
1974-12-01,60.78
1975-01-01,57.84
1975-02-01,55.47
1975-03-01,52.05
1975-04-01,49.64
1975-05-01,52.85
1975-06-01,57.93
1975-07-01,67.67
1975-08-01,85.48
1975-09-01,82.88
1975-10-01,82.39
1975-11-01,79.52
1975-12-01,85.25
1976-01-01,94.85
1976-02-01,101.22
1976-03-01,101.6
1976-04-01,124.48
1976-05-01,137.46
1976-06-01,151.58
1976-07-01,139.24
1976-08-01,155.73
1976-09-01,161.36
1976-10-01,175.34
1976-11-01,184.99
1976-12-01,209.11
1977-01-01,220.96
1977-02-01,247.48
1977-03-01,306.17
1977-04-01,319.67
1977-05-01,287.26
1977-06-01,264.09
1977-07-01,223.52
1977-08-01,201.4
1977-09-01,192.05
1977-10-01,173.02
1977-11-01,199.55
1977-12-01,204.82
1978-01-01,208.16
1978-02-01,199.59
1978-03-01,177.1
1978-04-01,180.57
1978-05-01,171.63
1978-06-01,170.5
1978-07-01,135.8
1978-08-01,140.22
1978-09-01,157.33
1978-10-01,155.65
1978-11-01,148.16
1978-12-01,133.07
1979-01-01,130.59
1979-02-01,125.01
1979-03-01,132.31
1979-04-01,140.62
1979-05-01,151.79
1979-06-01,195.18
1979-07-01,205.66
1979-08-01,199.45
1979-09-01,209.2
1979-10-01,211.59
1979-11-01,208.62
1979-12-01,196.28
1980-01-01,170.67
1980-02-01,166.83
1980-03-01,186.38
1980-04-01,182.81
1980-05-01,192.54
1980-06-01,183.41
1980-07-01,157.67
1980-08-01,137.99
1980-09-01,127.88
1980-10-01,128.09
1980-11-01,116.86
1980-12-01,123.21
1981-01-01,129.98
1981-02-01,127.11
1981-03-01,127.93
1981-04-01,130.2
1981-05-01,127.92
1981-06-01,113.94
1981-07-01,122.01
1981-08-01,126.09
1981-09-01,128.02
1981-10-01,139.1
1981-11-01,146.26
1981-12-01,144.17
1982-01-01,146.18
1982-02-01,156.43
1982-03-01,148.04
1982-04-01,143.63
1982-05-01,139.59
1982-06-01,142.63
1982-07-01,135.51
1982-08-01,134.94
1982-09-01,138.27
1982-10-01,142.41
1982-11-01,140.12
1982-12-01,136.85
1983-01-01,131.96
1983-02-01,128.93
1983-03-01,127.04
1983-04-01,126.76
1983-05-01,130.47
1983-06-01,129.33
1983-07-01,130.34
1983-08-01,131.54
1983-09-01,134.31
1983-10-01,142.73
1983-11-01,146.55
1983-12-01,148.66
1984-01-01,145.71
1984-02-01,147.91
1984-03-01,150.32
1984-04-01,152.21
1984-05-01,152.25
1984-06-01,149.3
1984-07-01,146.11
1984-08-01,147.7
1984-09-01,144.23
1984-10-01,138.87
1984-11-01,142.21
1984-12-01,142.8
1985-01-01,147.39
1985-02-01,146.08
1985-03-01,143.88
1985-04-01,143.47
1985-05-01,144.69
1985-06-01,143.89
1985-07-01,137.07
1985-08-01,135.48
1985-09-01,135.48
1985-10-01,142.51
1985-11-01,157.65
1985-12-01,198.95
1986-01-01,239.87
1986-02-01,230.19
1986-03-01,241.6
1986-04-01,228.04
1986-05-01,213.34
1986-06-01,179.08
1986-07-01,174.31
1986-08-01,175.86
1986-09-01,201.5
1986-10-01,179.59
1986-11-01,158.69
1986-12-01,138.23
1987-01-01,125.53
1987-02-01,122.96
1987-03-01,105.77
1987-04-01,109.55
1987-05-01,119.3
1987-06-01,107.12
1987-07-01,101.9
1987-08-01,104.19
1987-09-01,112.52
1987-10-01,123.84
1987-11-01,130.1
1987-12-01,130.4
1988-01-01,131.54
1988-02-01,142.96
1988-03-01,141.7
1988-04-01,141.88
1988-05-01,142.86
1988-06-01,150.14
1988-07-01,148.37
1988-08-01,136.67
1988-09-01,141.73
1988-10-01,140.1
1988-11-01,142.34
1988-12-01,154.94
1989-01-01,164.31
1989-02-01,150.76
1989-03-01,150.19
1989-04-01,153.03
1989-05-01,151.14
1989-06-01,132.72
1989-07-01,96.16
1989-08-01,82.72
1989-09-01,84.18
1989-10-01,74.78
1989-11-01,76.27
1989-12-01,77.54
1990-01-01,81.62
1990-02-01,87.54
1990-03-01,99.66
1990-04-01,100.07
1990-05-01,98.53
1990-06-01,95.69
1990-07-01,91.68
1990-08-01,99.92
1990-09-01,102.04
1990-10-01,98.03
1990-11-01,91.11
1990-12-01,95.17
1991-01-01,91.53
1991-02-01,92.47
1991-03-01,97.31
1991-04-01,96.26
1991-05-01,92.34
1991-06-01,90.25
1991-07-01,89.07
1991-08-01,87.48
1991-09-01,95.14
1991-10-01,86.86
1991-11-01,86.75
1991-12-01,84.1
1992-01-01,80.75
1992-02-01,73.01
1992-03-01,74.94
1992-04-01,71.96
1992-05-01,66.6
1992-06-01,65.47
1992-07-01,63.09
1992-08-01,56.6
1992-09-01,57.08
1992-10-01,64.82
1992-11-01,71.52
1992-12-01,82.21
1993-01-01,72.47
1993-02-01,69.21
1993-03-01,69.06
1993-04-01,63.39
1993-05-01,69.3
1993-06-01,71.0
1993-07-01,79.25
1993-08-01,84.85
1993-09-01,87.88
1993-10-01,83.79
1993-11-01,85.07
1993-12-01,86.58
1994-01-01,86.22
1994-02-01,92.0
1994-03-01,92.66
1994-04-01,94.56
1994-05-01,128.71
1994-06-01,150.16
1994-07-01,227.27
1994-08-01,210.91
1994-09-01,231.88
1994-10-01,209.24
1994-11-01,188.33
1994-12-01,175.38
1995-01-01,179.48
1995-02-01,175.23
1995-03-01,187.67
1995-04-01,182.61
1995-05-01,182.71
1995-06-01,181.0
1995-07-01,169.47
1995-08-01,163.25
1995-09-01,145.41
1995-10-01,134.94
1995-11-01,133.02
1995-12-01,114.34
1996-01-01,117.01
1996-02-01,136.06
1996-03-01,130.52
1996-04-01,133.78
1996-05-01,143.19
1996-06-01,132.42
1996-07-01,136.03
1996-08-01,137.68
1996-09-01,125.18
1996-10-01,126.99
1996-11-01,132.75
1996-12-01,126.17
1997-01-01,144.82
1997-02-01,184.66
1997-03-01,212.75
1997-04-01,215.45
1997-05-01,262.92
1997-06-01,247.75
1997-07-01,201.06
1997-08-01,204.88
1997-09-01,206.63
1997-10-01,177.46
1997-11-01,171.28
1997-12-01,184.06
1998-01-01,185.01
1998-02-01,189.17
1998-03-01,164.94
1998-04-01,160.53
1998-05-01,146.14
1998-06-01,135.53
1998-07-01,127.25
1998-08-01,138.36
1998-09-01,123.65
1998-10-01,121.99
1998-11-01,131.16
1998-12-01,130.94
1999-01-01,129.44
1999-02-01,120.3
1999-03-01,120.8
1999-04-01,117.19
1999-05-01,127.71
1999-06-01,124.55
1999-07-01,111.95
1999-08-01,107.54
1999-09-01,102.92
1999-10-01,105.77
1999-11-01,123.11
1999-12-01,138.19
2000-01-01,126.56
2000-02-01,119.87
2000-03-01,117.69
2000-04-01,109.77
2000-05-01,111.84
2000-06-01,102.4
2000-07-01,103.78
2000-08-01,90.77
2000-09-01,91.94
2000-10-01,91.68
2000-11-01,82.25
2000-12-01,78.94
2001-01-01,76.97
2001-02-01,73.75
2001-03-01,74.25
2001-04-01,76.11
2001-05-01,81.36
2001-06-01,72.03
2001-07-01,69.28
2001-08-01,70.17
2001-09-01,70.16
2001-10-01,63.14
2001-11-01,62.45
2001-12-01,62.4
2002-01-01,62.462903225806464
2002-02-01,60.73571428571428
2002-03-01,68.59838709677419
2002-04-01,68.27833333333335
2002-05-01,65.70483870967745
2002-06-01,61.485
2002-07-01,60.88870967741935
2002-08-01,56.91774193548387
2002-09-01,64.10166666666669
2002-10-01,67.84838709677418
2002-11-01,70.02166666666666
2002-12-01,65.61290322580643
2003-01-01,67.02683870967742
2003-02-01,67.01464285714286
2003-03-01,62.828064516129025
2003-04-01,65.07966666666665
2003-05-01,66.15806451612902
2003-06-01,61.744333333333316
2003-07-01,64.58548387096775
2003-08-01,65.84645161290325
2003-09-01,67.65333333333334
2003-10-01,66.09677419354837
2003-11-01,64.957
2003-12-01,66.50774193548385
2004-01-01,71.32387096774197
2004-02-01,76.58758620689653
2004-03-01,78.25806451612901
2004-04-01,75.66366666666666
2004-05-01,76.24225806451612
2004-06-01,83.30633333333334
2004-07-01,77.31645161290324
2004-08-01,74.79354838709678
2004-09-01,80.34733333333334
2004-10-01,83.34451612903226
2004-11-01,90.879
2004-12-01,104.89354838709677
2005-01-01,107.87677419354837
2005-02-01,119.38357142857141
2005-03-01,135.55580645161288
2005-04-01,129.00066666666666
2005-05-01,130.1935483870968
2005-06-01,123.66933333333336
2005-07-01,112.32225806451612
2005-08-01,109.74870967741933
2005-09-01,102.81233333333333
2005-10-01,104.67548387096775
2005-11-01,109.1356666666667
2005-12-01,107.11645161290325
2006-01-01,124.30225806451614
2006-02-01,123.0392857142857
2006-03-01,116.9412903225806
2006-04-01,117.42166666666668
2006-05-01,113.78870967741933
2006-06-01,106.134
2006-07-01,107.62290322580645
2006-08-01,113.37580645161292
2006-09-01,112.96000000000001
2006-10-01,112.28709677419357
2006-11-01,122.2256666666667
2006-12-01,131.6103225806452
2007-01-01,127.17032258064518
2007-02-01,123.8485714285714
2007-03-01,119.49064516129035
2007-04-01,116.95766666666667
2007-05-01,114.91193548387096
2007-06-01,120.62500000000001
2007-07-01,120.82870967741933
2007-08-01,125.04612903225807
2007-09-01,129.06433333333334
2007-10-01,137.09612903225806
2007-11-01,132.61733333333342
2007-12-01,139.77129032258068
2008-01-01,142.2503225806451
2008-02-01,155.17896551724132
2008-03-01,157.09774193548384
2008-04-01,141.506
2008-05-01,143.71548387096777
2008-06-01,146.78333333333336
2008-07-01,153.33838709677417
2008-08-01,150.12580645161287
2008-09-01,150.27866666666665
2008-10-01,133.2935483870968
2008-11-01,129.8723333333333
2008-12-01,131.41935483870964
2009-01-01,139.17161290322576
2009-02-01,145.21785714285718
2009-03-01,151.3551612903226
2009-04-01,177.39199999999997
2009-05-01,206.05645161290323
2009-06-01,200.91366666666661
2009-07-01,186.96516129032258
2009-08-01,187.86129032258057
2009-09-01,178.013
2009-10-01,177.51548387096776
2009-11-01,177.48599999999993
2009-12-01,191.166129032258
2010-01-01,204.6745161290322
2010-02-01,205.1853571428571
2010-03-01,205.54548387096781
2010-04-01,201.93666666666667
2010-05-01,199.3735483870968
2010-06-01,219.26966666666672
2010-07-01,235.5845161290323
2010-08-01,243.6919354838709
2010-09-01,248.5226666666667
2010-10-01,230.8322580645162
2010-11-01,243.89699999999993
2010-12-01,256.60419354838706
2011-01-01,279.36483870967743
2011-02-01,294.55892857142857
2011-03-01,301.1051612903226
2011-04-01,308.5470000000001
2011-05-01,306.9467741935483
2011-06-01,288.5743333333333
2011-07-01,286.75741935483876
2011-08-01,281.79935483870963
2011-09-01,296.1283333333333
2011-10-01,258.2448387096774
2011-11-01,256.936
2011-12-01,252.73967741935488
2012-01-01,256.11677419354845
2012-02-01,246.30103448275864
2012-03-01,226.06612903225817
2012-04-01,215.293
2012-05-01,209.50967741935492
2012-06-01,185.88433333333336
2012-07-01,200.92193548387095
2012-08-01,188.57709677419354
2012-09-01,189.2786666666666
2012-10-01,183.15935483870973
2012-11-01,171.1003333333333
2012-12-01,166.04709677419356
2013-01-01,168.83000000000004
2013-02-01,162.53428571428574
2013-03-01,161.74741935483874
2013-04-01,162.18899999999994
2013-05-01,160.001935483871
2013-06-01,148.41533333333334
2013-07-01,147.52774193548382
2013-08-01,144.29258064516125
2013-09-01,139.12466666666666
2013-10-01,135.16967741935485
2013-11-01,125.36099999999995
2013-12-01,125.92032258064515
2014-01-01,131.9741935483871
2014-02-01,159.67749999999998
2014-03-01,210.14806451612898
2014-04-01,216.08266666666668
2014-05-01,216.4170967741936
2014-06-01,195.86766666666665
2014-07-01,193.0277419354839
2014-08-01,210.40741935483865
2014-09-01,208.09499999999997
2014-10-01,223.10000000000005
2014-11-01,206.74366666666666
2014-12-01,193.33290322580643
2015-01-01,185.31258064516135
2015-02-01,177.08535714285713
2015-03-01,155.876129032258
2015-04-01,156.45966666666664
2015-05-01,152.33225806451608
2015-06-01,151.13033333333334
2015-07-01,145.92064516129028
2015-08-01,147.13193548387096
2015-09-01,136.42200000000003
2015-10-01,142.7783870967742
2015-11-01,138.40033333333335
2015-12-01,139.69193548387096
2016-01-01,136.42838709677414
2016-02-01,137.19137931034481
2016-03-01,144.36967741935487
2016-04-01,144.54899999999998
2016-05-01,144.58032258064515
2016-06-01,153.943
2016-07-01,164.0367741935484
2016-08-01,160.72709677419357
2016-09-01,167.61533333333333
2016-10-01,170.55290322580646
2016-11-01,179.77666666666667
2016-12-01,160.91870967741937
2017-01-01,163.70903225806458
2017-02-01,164.8057142857143
2017-03-01,159.2329032258064
2017-04-01,156.001
2017-05-01,151.2374193548387
2017-06-01,146.86066666666665
2017-07-01,150.907741935484
2017-08-01,156.4564516129032
2017-09-01,151.57466666666667
2017-10-01,145.0093548387097
2017-11-01,143.84833333333333
2017-12-01,142.51225806451615
2018-01-01,143.4809677419355
2018-02-01,142.35107142857146
2018-03-01,139.79032258064518
2018-04-01,138.9966666666667
2018-05-01,140.50354838709677
2018-06-01,139.17233333333334
2018-07-01,134.84709677419357
2018-08-01,130.99322580645162
2018-09-01,126.52533333333336
2018-10-01,138.80451612903224
2018-11-01,140.75033333333337
2018-12-01,129.62290322580648
2019-01-01,128.67580645161289
2019-02-01,128.96964285714284
2019-03-01,125.46709677419354
2019-04-01,124.07266666666669
2019-05-01,123.13483870967741
2019-06-01,132.76999999999998
2019-07-01,138.41451612903225
2019-08-01,129.89419354838708
2019-09-01,131.355
2019-10-01,131.878260869565
2019-11-01,143.5175
